學號,性別,分發宿舍,分發寢室,分發床號
40909026E,女,女一舍,5111,3
40920120L,女,女一舍,5111,4
40820124L,女,女一舍,5112,2
40826013L,女,女一舍,5112,3
40707218E,女,女一舍,5113,3
40830001A,女,女一舍,5116,1
40830042A,女,女一舍,5116,2
40830043A,女,女一舍,5116,3
41006227E,女,女一舍,5116,4
41006225E,女,女一舍,5116,5
41006230E,女,女一舍,5116,6
40957004O,女,女一舍,5118,3
40957019O,女,女一舍,5118,4
40957023O,女,女一舍,5118,6
40905026E,女,女一舍,5119,1
41007240E,女,女一舍,5119,2
40906107E,女,女一舍,5119,3
41023116L,女,女一舍,5119,4
41023113L,女,女一舍,5119,5
40905011E,女,女一舍,5119,6
40906205E,女,女一舍,5120,2
40906206E,女,女一舍,5120,3
40807242E,女,女一舍,5120,4
40807122E,女,女一舍,5120,5
40760221T,女,女一舍,5126,1
40820327L,女,女一舍,5126,2
40920129L,女,女一舍,5126,3
41013027E,女,女一舍,5126,4
41084238I,女,女一舍,5126,5
40806236E,女,女一舍,5127,1
40860218T,女,女一舍,5127,2
40860222T,女,女一舍,5127,3
40806231E,女,女一舍,5127,4
40884254I,女,女一舍,5127,6
40909043E,女,女一舍,5128,1
41009017E,女,女一舍,5128,2
40930061A,女,女一舍,5128,3
40909039E,女,女一舍,5128,4
41011013E,女,女一舍,5128,5
41000215E,女,女一舍,5129,1
40920234L,女,女一舍,5129,2
40920305L,女,女一舍,5129,3
40920304L,女,女一舍,5129,4
41000102E,女,女一舍,5129,5
41002028E,女,女一舍,5129,6
40901030E,女,女一舍,5130,1
40923121L,女,女一舍,5130,2
40923111L,女,女一舍,5130,3
40901033E,女,女一舍,5130,4
40923122L,女,女一舍,5130,5
40901036E,女,女一舍,5130,6
40990103M,女,女一舍,5131,1
40892022M,女,女一舍,5131,2
40892014M,女,女一舍,5131,3
40992006M,女,女一舍,5131,4
41090215M,女,女一舍,5131,5
41000227E,女,女一舍,5131,6
40822002L,女,女一舍,5132,1
40943203S,女,女一舍,5132,2
40920132L,女,女一舍,5132,3
40900113E,女,女一舍,5132,4
40943109S,女,女一舍,5132,5
40920124L,女,女一舍,5132,6
41090104M,女,女一舍,5135,1
41090219M,女,女一舍,5135,2
40984143I,女,女一舍,5135,3
40984146I,女,女一舍,5135,4
41090212M,女,女一舍,5135,5
40984133I,女,女一舍,5135,6
41072051H,女,女一舍,5136,1
40972040H,女,女一舍,5136,2
40984145I,女,女一舍,5136,3
40984126I,女,女一舍,5136,4
40984114I,女,女一舍,5136,5
41072017H,女,女一舍,5136,6
41072053H,女,女一舍,5137,1
40972042H,女,女一舍,5137,2
40920303L,女,女一舍,5137,3
40983057I,女,女一舍,5137,4
40972047H,女,女一舍,5137,5
40984138I,女,女一舍,5137,6
41007143E,女,女一舍,5139,1
41007202E,女,女一舍,5139,2
41090229M,女,女一舍,5139,3
41090118M,女,女一舍,5139,4
41007139E,女,女一舍,5139,5
41090203M,女,女一舍,5139,6
40923229L,女,女一舍,5140,1
40923223L,女,女一舍,5140,2
40923231L,女,女一舍,5140,3
40920314L,女,女一舍,5140,4
40920308L,女,女一舍,5140,5
40920312L,女,女一舍,5140,6
40957038O,女,女一舍,5141,1
40907113E,女,女一舍,5141,2
40907106E,女,女一舍,5141,3
40907117E,女,女一舍,5141,4
40957053O,女,女一舍,5141,5
40957048O,女,女一舍,5141,6
40971129H,女,女一舍,5142,1
40706136E,女,女一舍,5142,2
40843132S,女,女一舍,5142,3
40984105I,女,女一舍,5142,4
40872046H,女,女一舍,5142,5
41072037H,女,女一舍,5142,6
41026025L,女,女一舍,5143,1
41026024L,女,女一舍,5143,2
41026021L,女,女一舍,5143,3
40984261I,女,女一舍,5143,4
40926018L,女,女一舍,5143,5
40968040T,女,女一舍,5143,6
40970019H,女,女一舍,5144,1
40990124M,女,女一舍,5144,2
40990118M,女,女一舍,5144,3
40984267I,女,女一舍,5144,4
40990120M,女,女一舍,5144,5
40971231H,女,女一舍,5144,6
40907128E,女,女一舍,5145,1
40907130E,女,女一舍,5145,2
40926001L,女,女一舍,5145,3
40907135E,女,女一舍,5145,4
40921206L,女,女一舍,5145,5
40926019L,女,女一舍,5145,6
41006124E,女,女一舍,5146,1
41068017T,女,女一舍,5146,2
41007239E,女,女一舍,5146,3
41007124E,女,女一舍,5146,4
40968041T,女,女一舍,5146,5
41006228E,女,女一舍,5146,6
40942242S,女,女一舍,5147,1
40923214L,女,女一舍,5147,2
40823114L,女,女一舍,5147,3
40923117L,女,女一舍,5147,4
40923135L,女,女一舍,5147,5
40951035S,女,女一舍,5147,6
41000122E,女,女一舍,5148,1
41000120E,女,女一舍,5148,2
41000903E,女,女一舍,5148,3
41000231E,女,女一舍,5148,4
40920119L,女,女一舍,5148,5
40942240S,女,女一舍,5148,6
41020203L,女,女一舍,5150,1
41068014T,女,女一舍,5150,2
41084268I,女,女一舍,5150,3
41020218L,女,女一舍,5150,4
41020217L,女,女一舍,5150,5
41020316L,女,女一舍,5150,6
40920318L,女,女一舍,5201,1
40923113L,女,女一舍,5201,2
40923114L,女,女一舍,5201,3
40923128L,女,女一舍,5201,4
40923116L,女,女一舍,5201,5
41020125L,女,女一舍,5201,6
40921233L,女,女一舍,5202,1
40920235L,女,女一舍,5202,2
40920325L,女,女一舍,5202,3
40921229L,女,女一舍,5202,4
40921230L,女,女一舍,5202,5
41020220L,女,女一舍,5202,6
40901020E,女,女一舍,5203,1
41020219L,女,女一舍,5203,2
40900131E,女,女一舍,5203,3
40900132E,女,女一舍,5203,4
40900133E,女,女一舍,5203,5
40900209E,女,女一舍,5203,6
40884251I,女,女一舍,5204,1
40901006E,女,女一舍,5204,2
40884255I,女,女一舍,5204,3
40884245I,女,女一舍,5204,4
40901008E,女,女一舍,5204,5
40884248I,女,女一舍,5204,6
40901016E,女,女一舍,5205,1
41090112M,女,女一舍,5205,2
41009041E,女,女一舍,5205,3
41009042E,女,女一舍,5205,4
41009038E,女,女一舍,5205,5
40901021E,女,女一舍,5205,6
40992018M,女,女一舍,5206,1
40983022I,女,女一舍,5206,2
40983001I,女,女一舍,5206,3
40983004I,女,女一舍,5206,4
40983018I,女,女一舍,5206,5
40901025E,女,女一舍,5206,6
40923220L,女,女一舍,5207,1
41071204H,女,女一舍,5207,2
40923219L,女,女一舍,5207,3
40926011L,女,女一舍,5207,4
40926002L,女,女一舍,5207,5
41071122H,女,女一舍,5207,6
40984132I,女,女一舍,5208,1
40990132M,女,女一舍,5208,2
40990133M,女,女一舍,5208,3
40990210M,女,女一舍,5208,4
40990209M,女,女一舍,5208,5
40943229S,女,女一舍,5208,6
41030053A,女,女一舍,5209,1
41005030E,女,女一舍,5209,2
41005011E,女,女一舍,5209,3
40920116L,女,女一舍,5209,4
40906135E,女,女一舍,5209,5
40906136E,女,女一舍,5209,6
40884247I,女,女一舍,5210,1
40907202E,女,女一舍,5210,2
40984253I,女,女一舍,5210,3
40984252I,女,女一舍,5210,4
40907203E,女,女一舍,5210,5
40884252I,女,女一舍,5210,6
40930048A,女,女一舍,5211,1
40930045A,女,女一舍,5211,2
41092024M,女,女一舍,5211,3
41092019M,女,女一舍,5211,4
41092021M,女,女一舍,5211,5
41092010M,女,女一舍,5211,6
40900216E,女,女一舍,5212,1
40990224M,女,女一舍,5212,2
40990232M,女,女一舍,5212,3
40971102H,女,女一舍,5212,4
40971105H,女,女一舍,5212,5
40906234E,女,女一舍,5212,6
41071119H,女,女一舍,5213,1
41071215H,女,女一舍,5213,2
41009035E,女,女一舍,5213,3
41073106H,女,女一舍,5213,4
41073156H,女,女一舍,5213,5
41073124H,女,女一舍,5213,6
41002015E,女,女一舍,5214,1
40984218I,女,女一舍,5214,2
41002020E,女,女一舍,5214,3
41002045E,女,女一舍,5214,4
40983006I,女,女一舍,5214,5
41002033E,女,女一舍,5214,6
41084219I,女,女一舍,5215,1
41084207I,女,女一舍,5215,2
41084205I,女,女一舍,5215,3
41084264I,女,女一舍,5215,4
41023122L,女,女一舍,5215,5
41023119L,女,女一舍,5215,6
40975032H,女,女一舍,5216,1
41090222M,女,女一舍,5216,2
41006140E,女,女一舍,5216,3
41090209M,女,女一舍,5216,4
41090208M,女,女一舍,5216,5
40973022H,女,女一舍,5216,6
40971230H,女,女一舍,5217,1
40992008M,女,女一舍,5217,2
40970002H,女,女一舍,5217,3
40971205H,女,女一舍,5217,4
40971221H,女,女一舍,5217,5
40971220H,女,女一舍,5217,6
41057058O,女,女一舍,5218,1
41057057O,女,女一舍,5218,2
41057029O,女,女一舍,5218,3
40992020M,女,女一舍,5218,4
41057007O,女,女一舍,5218,5
41057008O,女,女一舍,5218,6
40992004M,女,女一舍,5219,1
40900102E,女,女一舍,5219,2
40868017T,女,女一舍,5219,3
40801041E,女,女一舍,5219,4
40872005H,女,女一舍,5219,5
40921241L,女,女一舍,5219,6
40892012M,女,女一舍,5220,1
41022060L,女,女一舍,5220,2
41022056L,女,女一舍,5220,3
41022057L,女,女一舍,5220,4
41022054L,女,女一舍,5220,5
41022058L,女,女一舍,5220,6
40906221E,女,女一舍,5221,1
40907105E,女,女一舍,5221,2
40906207E,女,女一舍,5221,3
40906239E,女,女一舍,5221,4
40992014M,女,女一舍,5221,5
40909042E,女,女一舍,5221,6
40992016M,女,女一舍,5222,1
40920324L,女,女一舍,5222,2
40920329L,女,女一舍,5222,3
40920332L,女,女一舍,5222,4
40920335L,女,女一舍,5222,5
40951034S,女,女一舍,5222,6
40911004E,女,女一舍,5223,1
40911005E,女,女一舍,5223,2
40992021M,女,女一舍,5223,3
40911012E,女,女一舍,5223,4
40913004E,女,女一舍,5223,5
40913011E,女,女一舍,5223,6
40902006E,女,女一舍,5224,1
40902014E,女,女一舍,5224,2
40957003O,女,女一舍,5224,3
40902011E,女,女一舍,5224,4
40902019E,女,女一舍,5224,5
40902021E,女,女一舍,5224,6
41057018O,女,女一舍,5225,1
40972033H,女,女一舍,5225,2
40972041H,女,女一舍,5225,3
40972017H,女,女一舍,5225,4
40975028H,女,女一舍,5225,5
40977011H,女,女一舍,5225,6
40901014E,女,女一舍,5226,1
40901019E,女,女一舍,5226,2
40901024E,女,女一舍,5226,3
40901044E,女,女一舍,5226,4
41057026O,女,女一舍,5226,5
40901043E,女,女一舍,5226,6
40972012H,女,女一舍,5227,1
40957056O,女,女一舍,5227,2
41060018T,女,女一舍,5227,3
40972030H,女,女一舍,5227,4
40909010E,女,女一舍,5227,5
40960030T,女,女一舍,5227,6
40702057E,女,女一舍,5229,1
40884119I,女,女一舍,5229,2
40884142I,女,女一舍,5229,3
40884116I,女,女一舍,5229,4
41084134I,女,女一舍,5229,5
41057023O,女,女一舍,5229,6
40857061O,女,女一舍,5230,1
41060002T,女,女一舍,5230,2
41071205H,女,女一舍,5230,3
41060040T,女,女一舍,5230,4
41071123H,女,女一舍,5230,5
41060001T,女,女一舍,5230,6
40800104E,女,女一舍,5231,1
40920207L,女,女一舍,5231,2
40920118L,女,女一舍,5231,3
40957049O,女,女一舍,5231,4
40920130L,女,女一舍,5231,5
40900213E,女,女一舍,5231,6
40907132E,女,女一舍,5232,1
40906237E,女,女一舍,5232,2
40906233E,女,女一舍,5232,3
40923213L,女,女一舍,5232,4
40906222E,女,女一舍,5232,5
40906125E,女,女一舍,5232,6
40823205L,女,女一舍,5233,1
40909020E,女,女一舍,5233,2
40913020E,女,女一舍,5233,3
40909013E,女,女一舍,5233,4
40913016E,女,女一舍,5233,5
40909037E,女,女一舍,5233,6
40821217L,女,女一舍,5234,1
40821204L,女,女一舍,5234,2
40800114E,女,女一舍,5234,3
40821203L,女,女一舍,5234,4
41023121L,女,女一舍,5234,5
40972031H,女,女一舍,5234,6
41030063A,女,女一舍,5235,1
41030032A,女,女一舍,5235,2
41030050A,女,女一舍,5235,3
41030052A,女,女一舍,5235,4
41030034A,女,女一舍,5235,5
41023210L,女,女一舍,5235,6
41023219L,女,女一舍,5236,1
40907237E,女,女一舍,5236,2
40909023E,女,女一舍,5236,3
40907239E,女,女一舍,5236,4
40909005E,女,女一舍,5236,5
40909014E,女,女一舍,5236,6
40902022E,女,女一舍,5237,1
40902023E,女,女一舍,5237,2
40902024E,女,女一舍,5237,3
40902025E,女,女一舍,5237,4
40902028E,女,女一舍,5237,5
41023212L,女,女一舍,5237,6
40968033T,女,女一舍,5238,1
40968018T,女,女一舍,5238,2
40968036T,女,女一舍,5238,3
40968020T,女,女一舍,5238,4
40806131E,女,女一舍,5238,5
40968030T,女,女一舍,5238,6
41072027H,女,女一舍,5241,1
41072026H,女,女一舍,5241,2
41072022H,女,女一舍,5241,3
40906224E,女,女一舍,5241,4
41072021H,女,女一舍,5241,5
41084217I,女,女一舍,5241,6
40906130E,女,女一舍,5242,1
41030055A,女,女一舍,5242,2
40830036A,女,女一舍,5242,3
41030028A,女,女一舍,5242,4
41030003A,女,女一舍,5242,5
41030042A,女,女一舍,5242,6
41083027I,女,女一舍,5243,1
41083025I,女,女一舍,5243,2
41083024I,女,女一舍,5243,3
41002050E,女,女一舍,5243,4
41002048E,女,女一舍,5243,5
40906232E,女,女一舍,5243,6
40830012A,女,女一舍,5245,1
40830010A,女,女一舍,5245,2
40830032A,女,女一舍,5245,3
40830007A,女,女一舍,5245,4
40930032A,女,女一舍,5245,5
40905027E,女,女一舍,5245,6
40805028E,女,女一舍,5246,1
41090119M,女,女一舍,5246,2
41090108M,女,女一舍,5246,3
41090117M,女,女一舍,5246,4
41090110M,女,女一舍,5246,5
41084203I,女,女一舍,5246,6
40990217M,女,女一舍,5247,1
40990235M,女,女一舍,5247,2
40921140L,女,女一舍,5247,3
40890237M,女,女一舍,5247,4
40984245I,女,女一舍,5247,5
40971201H,女,女一舍,5247,6
41021217L,女,女一舍,5248,1
41090227M,女,女一舍,5248,2
41090139M,女,女一舍,5248,3
41084101I,女,女一舍,5248,4
41090238M,女,女一舍,5248,5
41090134M,女,女一舍,5248,6
40984217I,女,女一舍,5249,1
40960042T,女,女一舍,5249,2
40960043T,女,女一舍,5249,3
40900229E,女,女一舍,5249,4
40968016T,女,女一舍,5249,5
40968022T,女,女一舍,5249,6
41001016E,女,女一舍,5250,1
41001024E,女,女一舍,5250,2
41001028E,女,女一舍,5250,3
41001041E,女,女一舍,5250,4
40784242I,女,女一舍,5250,5
41001015E,女,女一舍,5250,6
41007209E,女,女一舍,5251,1
41007136E,女,女一舍,5251,2
41007220E,女,女一舍,5251,3
41007114E,女,女一舍,5251,4
41084228I,女,女一舍,5251,5
41007216E,女,女一舍,5251,6
41084248I,女,女一舍,5252,1
41068041T,女,女一舍,5252,2
41068040T,女,女一舍,5252,3
41068015T,女,女一舍,5252,4
41068029T,女,女一舍,5252,5
41068021T,女,女一舍,5252,6
41072903H,女,女一舍,5253,1
41084116I,女,女一舍,5253,2
41072902H,女,女一舍,5253,3
41072010H,女,女一舍,5253,4
41072020H,女,女一舍,5253,5
41072033H,女,女一舍,5253,6
41084136I,女,女一舍,5254,1
41020232L,女,女一舍,5254,2
41020135L,女,女一舍,5254,3
41020329L,女,女一舍,5254,4
41020328L,女,女一舍,5254,5
41020301L,女,女一舍,5254,6
41084135I,女,女一舍,5301,1
41000221E,女,女一舍,5301,2
41000105E,女,女一舍,5301,3
41000905E,女,女一舍,5301,4
41000116E,女,女一舍,5301,5
41000202E,女,女一舍,5301,6
41071220H,女,女一舍,5302,1
40984222I,女,女一舍,5302,2
41071219H,女,女一舍,5302,3
41071103H,女,女一舍,5302,4
41071120H,女,女一舍,5302,5
41071129H,女,女一舍,5302,6
40884249I,女,女一舍,5303,1
40901046E,女,女一舍,5303,2
40902031E,女,女一舍,5303,3
40992003M,女,女一舍,5303,4
40902005E,女,女一舍,5303,5
40902008E,女,女一舍,5303,6
40913014E,女,女一舍,5304,1
40913021E,女,女一舍,5304,2
40920103L,女,女一舍,5304,3
40920104L,女,女一舍,5304,4
40971117H,女,女一舍,5304,5
41084225I,女,女一舍,5304,6
41002017E,女,女一舍,5305,1
41002021E,女,女一舍,5305,2
41002026E,女,女一舍,5305,3
41002006E,女,女一舍,5305,4
41002016E,女,女一舍,5305,5
41084120I,女,女一舍,5305,6
40984228I,女,女一舍,5306,1
40920315L,女,女一舍,5306,2
40983019I,女,女一舍,5306,3
40902004E,女,女一舍,5306,4
40906219E,女,女一舍,5306,5
40920319L,女,女一舍,5306,6
41068025T,女,女一舍,5307,1
41021124L,女,女一舍,5307,2
41072039H,女,女一舍,5307,3
41021221L,女,女一舍,5307,4
41021127L,女,女一舍,5307,5
40983007I,女,女一舍,5307,6
41090126M,女,女一舍,5308,1
40983021I,女,女一舍,5308,2
41090205M,女,女一舍,5308,3
41090233M,女,女一舍,5308,4
41090216M,女,女一舍,5308,5
41090132M,女,女一舍,5308,6
40783041I,女,女一舍,5309,1
41023105L,女,女一舍,5309,2
41023139L,女,女一舍,5309,3
41023114L,女,女一舍,5309,4
41023108L,女,女一舍,5309,5
41023215L,女,女一舍,5309,6
40907213E,女,女一舍,5310,1
40907215E,女,女一舍,5310,2
40907219E,女,女一舍,5310,3
40722022L,女,女一舍,5310,4
40907234E,女,女一舍,5310,5
40907235E,女,女一舍,5310,6
40909003E,女,女一舍,5311,1
40913012E,女,女一舍,5311,2
40909012E,女,女一舍,5311,3
40913007E,女,女一舍,5311,4
40913005E,女,女一舍,5311,5
40909006E,女,女一舍,5311,6
41090210M,女,女一舍,5312,1
41090131M,女,女一舍,5312,2
41090228M,女,女一舍,5312,3
41090107M,女,女一舍,5312,4
41090220M,女,女一舍,5312,5
41090133M,女,女一舍,5312,6
40990215M,女,女一舍,5313,1
40990218M,女,女一舍,5313,2
40990207M,女,女一舍,5313,3
40990206M,女,女一舍,5313,4
40992001M,女,女一舍,5313,5
40990205M,女,女一舍,5313,6
41001014E,女,女一舍,5314,1
41001009E,女,女一舍,5314,2
41001020E,女,女一舍,5314,3
41001018E,女,女一舍,5314,4
41001022E,女,女一舍,5314,5
41001007E,女,女一舍,5314,6
41007145E,女,女一舍,5315,1
41007221E,女,女一舍,5315,2
41007106E,女,女一舍,5315,3
41007206E,女,女一舍,5315,4
41007104E,女,女一舍,5315,5
41007204E,女,女一舍,5315,6
41002003E,女,女一舍,5316,1
41084202I,女,女一舍,5316,2
41001023E,女,女一舍,5316,3
41001017E,女,女一舍,5316,4
41023106L,女,女一舍,5316,5
41023118L,女,女一舍,5316,6
41020123L,女,女一舍,5317,1
41020133L,女,女一舍,5317,2
41020303L,女,女一舍,5317,3
41020104L,女,女一舍,5317,4
41020107L,女,女一舍,5317,5
41020205L,女,女一舍,5317,6
41060012T,女,女一舍,5318,1
41060022T,女,女一舍,5318,2
41060024T,女,女一舍,5318,3
41021237L,女,女一舍,5318,4
41021143L,女,女一舍,5318,5
41021241L,女,女一舍,5318,6
41006104E,女,女一舍,5319,1
41006205E,女,女一舍,5319,2
41006122E,女,女一舍,5319,3
41006223E,女,女一舍,5319,4
41006221E,女,女一舍,5319,5
41006118E,女,女一舍,5319,6
41023240L,女,女一舍,5320,1
41023238L,女,女一舍,5320,2
41023216L,女,女一舍,5320,3
40923235L,女,女一舍,5320,4
41023126L,女,女一舍,5320,5
41023902L,女,女一舍,5320,6
41030009A,女,女一舍,5321,1
41030047A,女,女一舍,5321,2
41030029A,女,女一舍,5321,3
41030030A,女,女一舍,5321,4
41030007A,女,女一舍,5321,5
41030018A,女,女一舍,5321,6
40902017E,女,女一舍,5322,1
40902018E,女,女一舍,5322,2
40983009I,女,女一舍,5322,3
40902043E,女,女一舍,5322,4
40902027E,女,女一舍,5322,5
40983010I,女,女一舍,5322,6
40951026S,女,女一舍,5323,1
41051007S,女,女一舍,5323,2
41051015S,女,女一舍,5323,3
40920115L,女,女一舍,5323,4
40992019M,女,女一舍,5323,5
40951030S,女,女一舍,5323,6
41009015E,女,女一舍,5324,1
41009020E,女,女一舍,5324,2
41009014E,女,女一舍,5324,3
41020234L,女,女一舍,5324,4
41020332L,女,女一舍,5324,5
41020330L,女,女一舍,5324,6
41083003I,女,女一舍,5325,1
41083010I,女,女一舍,5325,2
41083004I,女,女一舍,5325,3
41083028I,女,女一舍,5325,4
41083026I,女,女一舍,5325,5
41083022I,女,女一舍,5325,6
40984208I,女,女一舍,5326,1
40984227I,女,女一舍,5326,2
40984219I,女,女一舍,5326,3
40984220I,女,女一舍,5326,4
40984224I,女,女一舍,5326,5
40984216I,女,女一舍,5326,6
40821223L,女,女一舍,5327,1
40860102T,女,女一舍,5327,2
40860115T,女,女一舍,5327,3
40860205T,女,女一舍,5327,4
40820120L,女,女一舍,5327,5
40860116T,女,女一舍,5327,6
40905024E,女,女一舍,5329,1
40905030E,女,女一舍,5329,2
40905034E,女,女一舍,5329,3
40906106E,女,女一舍,5329,4
40906116E,女,女一舍,5329,5
40906123E,女,女一舍,5329,6
40984201I,女,女一舍,5330,1
40984240I,女,女一舍,5330,2
40984203I,女,女一舍,5330,3
40984244I,女,女一舍,5330,4
40984247I,女,女一舍,5330,5
40984248I,女,女一舍,5330,6
40960027T,女,女一舍,5331,1
40960019T,女,女一舍,5331,2
40972004H,女,女一舍,5331,3
40960038T,女,女一舍,5331,4
40957007O,女,女一舍,5331,5
40960022T,女,女一舍,5331,6
40923143L,女,女一舍,5332,1
41023218L,女,女一舍,5332,2
41023120L,女,女一舍,5332,3
41083057I,女,女一舍,5332,4
41083058I,女,女一舍,5332,5
41023220L,女,女一舍,5332,6
41021146L,女,女一舍,5333,1
41021242L,女,女一舍,5333,2
41021138L,女,女一舍,5333,3
41021141L,女,女一舍,5333,4
41021240L,女,女一舍,5333,5
41021219L,女,女一舍,5333,6
41021120L,女,女一舍,5334,1
41021244L,女,女一舍,5334,2
41021105L,女,女一舍,5334,3
41021204L,女,女一舍,5334,4
41021203L,女,女一舍,5334,5
41021112L,女,女一舍,5334,6
41021116L,女,女一舍,5335,1
41021115L,女,女一舍,5335,2
41021114L,女,女一舍,5335,3
41021216L,女,女一舍,5335,4
41021211L,女,女一舍,5335,5
41021118L,女,女一舍,5335,6
41022047L,女,女一舍,5336,1
41022003L,女,女一舍,5336,2
41022006L,女,女一舍,5336,3
41022036L,女,女一舍,5336,4
41022030L,女,女一舍,5336,5
41040213S,女,女一舍,5336,6
40860221T,女,女一舍,5337,1
40800231E,女,女一舍,5337,2
40860224T,女,女一舍,5337,3
40809041E,女,女一舍,5337,4
40809042E,女,女一舍,5337,5
40809023E,女,女一舍,5337,6
41011901E,女,女一舍,5338,1
41011004E,女,女一舍,5338,2
41011011E,女,女一舍,5338,3
41005004E,女,女一舍,5338,4
41005002E,女,女一舍,5338,5
41005025E,女,女一舍,5338,6
40920212L,女,女一舍,5341,1
40920213L,女,女一舍,5341,2
40920204L,女,女一舍,5341,3
40920215L,女,女一舍,5341,4
40906220E,女,女一舍,5341,5
40920231L,女,女一舍,5341,6
41006239E,女,女一舍,5342,1
41006235E,女,女一舍,5342,2
41006234E,女,女一舍,5342,3
41006142E,女,女一舍,5342,4
41006126E,女,女一舍,5342,5
41006129E,女,女一舍,5342,6
41084266I,女,女一舍,5343,1
41084224I,女,女一舍,5343,2
41084215I,女,女一舍,5343,3
41084249I,女,女一舍,5343,4
41084253I,女,女一舍,5343,5
41084226I,女,女一舍,5343,6
41090206M,女,女一舍,5344,1
41021218L,女,女一舍,5344,2
41090140M,女,女一舍,5344,3
41090202M,女,女一舍,5344,4
41021113L,女,女一舍,5344,5
41090106M,女,女一舍,5344,6
40960003T,女,女一舍,5345,1
40960007T,女,女一舍,5345,2
40960008T,女,女一舍,5345,3
40960031T,女,女一舍,5345,4
40960036T,女,女一舍,5345,5
40957031O,女,女一舍,5345,6
41009036E,女,女一舍,5346,1
41009003E,女,女一舍,5346,2
41009004E,女,女一舍,5346,3
41009018E,女,女一舍,5346,4
41009016E,女,女一舍,5346,5
41009012E,女,女一舍,5346,6
41001039E,女,女一舍,5347,1
41001038E,女,女一舍,5347,2
41001037E,女,女一舍,5347,3
41001036E,女,女一舍,5347,4
41001029E,女,女一舍,5347,5
41001005E,女,女一舍,5347,6
40920216L,女,女一舍,5348,1
40943105S,女,女一舍,5348,2
40900215E,女,女一舍,5348,3
40920218L,女,女一舍,5348,4
40944006S,女,女一舍,5348,5
40920205L,女,女一舍,5348,6
41020105L,女,女一舍,5349,1
41020204L,女,女一舍,5349,2
41020229L,女,女一舍,5349,3
41020306L,女,女一舍,5349,4
41020206L,女,女一舍,5349,5
41020305L,女,女一舍,5349,6
40990112M,女,女一舍,5350,1
40990111M,女,女一舍,5350,2
40990109M,女,女一舍,5350,3
40990107M,女,女一舍,5350,4
40990106M,女,女一舍,5350,5
40990105M,女,女一舍,5350,6
41013024E,女,女一舍,5352,1
41013020E,女,女一舍,5352,2
41013021E,女,女一舍,5352,3
41013004E,女,女一舍,5352,4
41013006E,女,女一舍,5352,5
41013007E,女,女一舍,5352,6
41006203E,女,女一舍,5353,1
41006902E,女,女一舍,5353,2
41006120E,女,女一舍,5353,3
41006107E,女,女一舍,5353,4
41006207E,女,女一舍,5353,5
41006106E,女,女一舍,5353,6
41006229E,女,女一舍,5354,1
41006231E,女,女一舍,5354,2
41006134E,女,女一舍,5354,3
40930067A,女,女一舍,5354,4
41030067A,女,女一舍,5354,5
41030049A,女,女一舍,5354,6
41005012E,女,女一舍,5355,1
41005044E,女,女一舍,5355,2
41005008E,女,女一舍,5355,3
41005003E,女,女一舍,5355,4
41005009E,女,女一舍,5355,5
41005022E,女,女一舍,5355,6
40960009T,女,女一舍,5401,1
40960011T,女,女一舍,5401,2
40960015T,女,女一舍,5401,3
40960026T,女,女一舍,5401,4
40960025T,女,女一舍,5401,5
40805025E,女,女一舍,5401,6
40909015E,女,女一舍,5402,1
40909016E,女,女一舍,5402,2
40909017E,女,女一舍,5402,3
40909018E,女,女一舍,5402,4
40909021E,女,女一舍,5402,5
40909022E,女,女一舍,5402,6
41006217E,女,女一舍,5403,1
41006216E,女,女一舍,5403,2
41006220E,女,女一舍,5403,3
41006116E,女,女一舍,5403,4
41006113E,女,女一舍,5403,5
41006219E,女,女一舍,5403,6
41060011T,女,女一舍,5404,1
41084104I,女,女一舍,5404,2
41021243L,女,女一舍,5404,3
41021140L,女,女一舍,5404,4
41021139L,女,女一舍,5404,5
41021137L,女,女一舍,5404,6
40930003A,女,女一舍,5405,1
40930011A,女,女一舍,5405,2
40930024A,女,女一舍,5405,3
40930037A,女,女一舍,5405,4
40620141L,女,女一舍,5405,5
40930002A,女,女一舍,5405,6
40920203L,女,女一舍,5406,1
40920137L,女,女一舍,5406,2
40920117L,女,女一舍,5406,3
40920107L,女,女一舍,5406,4
40920114L,女,女一舍,5406,5
40911009E,女,女一舍,5406,6
41084230I,女,女一舍,5407,1
41084234I,女,女一舍,5407,2
41084244I,女,女一舍,5407,3
41084246I,女,女一舍,5407,4
41084245I,女,女一舍,5407,5
41084237I,女,女一舍,5407,6
41084222I,女,女一舍,5408,1
41084220I,女,女一舍,5408,2
41084212I,女,女一舍,5408,3
41084221I,女,女一舍,5408,4
41084213I,女,女一舍,5408,5
41084216I,女,女一舍,5408,6
41000103E,女,女一舍,5409,1
41000133E,女,女一舍,5409,2
41000129E,女,女一舍,5409,3
41000127E,女,女一舍,5409,4
41000210E,女,女一舍,5409,5
41000203E,女,女一舍,5409,6
41013013E,女,女一舍,5410,1
41013014E,女,女一舍,5410,2
41013015E,女,女一舍,5410,3
41000112E,女,女一舍,5410,4
41000115E,女,女一舍,5410,5
41000114E,女,女一舍,5410,6
41020131L,女,女一舍,5411,1
41020222L,女,女一舍,5411,2
41072004H,女,女一舍,5411,3
41020302L,女,女一舍,5411,4
41020304L,女,女一舍,5411,5
41020314L,女,女一舍,5411,6
40921204L,女,女一舍,5412,1
40921236L,女,女一舍,5412,2
40922022L,女,女一舍,5412,3
40922026L,女,女一舍,5412,4
40922040L,女,女一舍,5412,5
40922005L,女,女一舍,5412,6
41075031H,女,女一舍,5413,1
41075055H,女,女一舍,5413,2
41075049H,女,女一舍,5413,3
41075053H,女,女一舍,5413,4
40975004H,女,女一舍,5413,5
41075902H,女,女一舍,5413,6
40984249I,女,女一舍,5414,1
40984250I,女,女一舍,5414,2
40984256I,女,女一舍,5414,3
40984255I,女,女一舍,5414,4
40984251I,女,女一舍,5414,5
40984263I,女,女一舍,5414,6
40968024T,女,女一舍,5415,1
40984260I,女,女一舍,5415,2
40971132H,女,女一舍,5415,3
40971104H,女,女一舍,5415,4
40968004T,女,女一舍,5415,5
40972005H,女,女一舍,5415,6
40821131L,女,女一舍,5416,1
40984237I,女,女一舍,5416,2
40820232L,女,女一舍,5416,3
40872047H,女,女一舍,5416,4
40922054L,女,女一舍,5416,5
40847056S,女,女一舍,5416,6
41092005M,女,女一舍,5417,1
41092001M,女,女一舍,5417,2
41092002M,女,女一舍,5417,3
41092008M,女,女一舍,5417,4
41092003M,女,女一舍,5417,5
41092006M,女,女一舍,5417,6
40907139E,女,女一舍,5418,1
40823242L,女,女一舍,5418,2
40920237L,女,女一舍,5418,3
40907143E,女,女一舍,5418,4
40923236L,女,女一舍,5418,5
40747052S,女,女一舍,5418,6
41068009T,女,女一舍,5419,1
41084206I,女,女一舍,5419,2
41084263I,女,女一舍,5419,3
41068010T,女,女一舍,5419,4
41068019T,女,女一舍,5419,5
41084123I,女,女一舍,5419,6
40900103E,女,女一舍,5420,1
40900111E,女,女一舍,5420,2
40900112E,女,女一舍,5420,3
40900114E,女,女一舍,5420,4
40900115E,女,女一舍,5420,5
40900117E,女,女一舍,5420,6
40801042E,女,女一舍,5421,1
40806130E,女,女一舍,5421,2
40806132E,女,女一舍,5421,3
40806134E,女,女一舍,5421,4
40806233E,女,女一舍,5421,5
40806235E,女,女一舍,5421,6
41057022O,女,女一舍,5422,1
41073153H,女,女一舍,5422,2
41022061L,女,女一舍,5422,3
41022021L,女,女一舍,5422,4
41083053I,女,女一舍,5422,5
41002034E,女,女一舍,5422,6
40830038A,女,女一舍,5423,1
40884261I,女,女一舍,5423,2
40884250I,女,女一舍,5423,3
40884242I,女,女一舍,5423,4
40884266I,女,女一舍,5423,5
40884253I,女,女一舍,5423,6
40921134L,女,女一舍,5430,1
40921135L,女,女一舍,5430,2
41060031T,女,女一舍,5430,3
41060025T,女,女一舍,5430,4
40921202L,女,女一舍,5430,5
41060005T,女,女一舍,5430,6
41020119L,女,女一舍,5447,1
41020117L,女,女一舍,5447,2
41005027E,女,女一舍,5447,3
41020319L,女,女一舍,5447,4
41020120L,女,女一舍,5447,5
41005028E,女,女一舍,5447,6
41077012H,女,女二舍2人房,A0528,1
41000119E,女,女二舍2人房,A0529,1
41047020S,女,女二舍2人房,A0529,2
40951029S,女,女二舍2人房,A0530,1
41000134E,女,女二舍2人房,A0530,2
40940217S,女,女二舍2人房,A0531,1
40944037S,女,女二舍2人房,A0531,2
40922058L,女,女二舍2人房,A0532,1
40922065L,女,女二舍2人房,A0532,2
40892010M,女,女二舍2人房,A0622,1
40907131E,女,女二舍2人房,A0622,2
40984235I,女,女二舍2人房,A0623,1
40890209M,女,女二舍2人房,A0623,2
40983024I,女,女二舍2人房,A0624,1
40884115I,女,女二舍2人房,A0624,2
40883040I,女,女二舍2人房,A0625,1
40883019I,女,女二舍2人房,A0625,2
40883018I,女,女二舍2人房,A0626,1
40983008I,女,女二舍2人房,A0626,2
41041104S,女,女二舍2人房,A0627,1
40841131S,女,女二舍2人房,A0627,2
40830009A,女,女二舍2人房,A0628,1
40830058A,女,女二舍2人房,A0628,2
41023131L,女,女二舍2人房,A0629,1
41023237L,女,女二舍2人房,A0629,2
40821229L,女,女二舍2人房,A0630,1
40823132L,女,女二舍2人房,A0630,2
41021222L,女,女二舍2人房,A0631,1
41021145L,女,女二舍2人房,A0631,2
40809013E,女,女二舍2人房,A0632,1
41021123L,女,女二舍2人房,A0632,2
41006236E,女,女二舍2人房,A0722,1
40806129E,女,女二舍2人房,A0722,2
40801035E,女,女二舍2人房,A0723,1
40806120E,女,女二舍2人房,A0723,2
40801021E,女,女二舍2人房,A0724,1
40801005E,女,女二舍2人房,A0724,2
40960045T,女,女二舍2人房,A0725,1
40760122T,女,女二舍2人房,A0725,2
40743904S,女,女二舍2人房,A0726,1
40960039T,女,女二舍2人房,A0726,2
40720105L,女,女二舍2人房,A0727,1
40920127L,女,女二舍2人房,A0727,2
41000128E,女,女二舍2人房,A0728,1
40805015E,女,女二舍2人房,A0728,2
40807136E,女,女二舍2人房,A0729,1
40807234E,女,女二舍2人房,A0729,2
40890124M,女,女二舍2人房,A0730,1
40990114M,女,女二舍2人房,A0730,2
40809019E,女,女二舍2人房,A0731,1
40809035E,女,女二舍2人房,A0731,2
41057040O,女,女二舍2人房,A0732,1
41057020O,女,女二舍2人房,A0732,2
40922066L,女,女二舍2人房,A0822,1
40922060L,女,女二舍2人房,A0822,2
40821117L,女,女二舍2人房,A0823,1
40821230L,女,女二舍2人房,A0823,2
41009019E,女,女二舍2人房,A0824,1
41009023E,女,女二舍2人房,A0824,2
40844015S,女,女二舍2人房,A0825,1
40844006S,女,女二舍2人房,A0825,2
40892007M,女,女二舍2人房,A0826,1
40892009M,女,女二舍2人房,A0826,2
41043227S,女,女二舍2人房,A0827,1
40843101S,女,女二舍2人房,A0827,2
40972018H,女,女二舍2人房,A0828,1
40972010H,女,女二舍2人房,A0828,2
41044011S,女,女二舍2人房,A0829,1
41044044S,女,女二舍2人房,A0829,2
40811010E,女,女二舍2人房,A0830,1
40811004E,女,女二舍2人房,A0830,2
41060026T,女,女二舍2人房,A0831,1
41060043T,女,女二舍2人房,A0831,2
40947064S,女,女二舍2人房,A0832,1
40940232S,女,女二舍2人房,A0832,2
41030022A,女,女二舍2人房,A0922,1
41030045A,女,女二舍2人房,A0922,2
40890131M,女,女二舍2人房,A0923,1
40968010T,女,女二舍2人房,A0923,2
40923241L,女,女二舍2人房,A0924,1
40907241E,女,女二舍2人房,A0924,2
40892016M,女,女二舍2人房,A0925,1
40792017M,女,女二舍2人房,A0925,2
40857007O,女,女二舍2人房,A0926,1
40857018O,女,女二舍2人房,A0926,2
40822023L,女,女二舍2人房,A0927,1
40823144L,女,女二舍2人房,A0927,2
41057036O,女,女二舍2人房,A0928,1
41084250I,女,女二舍2人房,A0928,2
41042106S,女,女二舍2人房,A0929,1
41042219S,女,女二舍2人房,A0929,2
40843121S,女,女二舍2人房,A0930,1
40972039H,女,女二舍2人房,A0930,2
40847021S,女,女二舍2人房,A0931,1
40847022S,女,女二舍2人房,A0931,2
40921144L,女,女二舍2人房,A0932,1
40944043S,女,女二舍2人房,A0932,2
40807121E,女,女二舍2人房,A1022,1
40802006E,女,女二舍2人房,A1022,2
41007236E,女,女二舍2人房,A1023,1
40801001E,女,女二舍2人房,A1023,2
40800229E,女,女二舍2人房,A1024,1
40800227E,女,女二舍2人房,A1024,2
40940316S,女,女二舍2人房,A1025,1
40941202S,女,女二舍2人房,A1025,2
40807115E,女,女二舍2人房,A1026,1
40807137E,女,女二舍2人房,A1026,2
40983051I,女,女二舍2人房,A1027,1
40983056I,女,女二舍2人房,A1027,2
40890212M,女,女二舍2人房,A1028,1
40890208M,女,女二舍2人房,A1028,2
40700236E,女,女二舍2人房,A1029,1
40720236L,女,女二舍2人房,A1029,2
40923203L,女,女二舍2人房,A1030,1
40923119L,女,女二舍2人房,A1030,2
41072055H,女,女二舍2人房,A1031,1
41021212L,女,女二舍2人房,A1031,2
40851004S,女,女二舍2人房,A1032,1
40851003S,女,女二舍2人房,A1032,2
41057019O,女,女二舍2人房,A1122,1
41009024E,女,女二舍2人房,A1122,2
40820107L,女,女二舍2人房,A1123,1
40820130L,女,女二舍2人房,A1123,2
40707207E,女,女二舍2人房,A1124,1
40707205E,女,女二舍2人房,A1124,2
41021117L,女,女二舍2人房,A1125,1
41068020T,女,女二舍2人房,A1125,2
40820317L,女,女二舍2人房,A1126,1
40820220L,女,女二舍2人房,A1126,2
40920333L,女,女二舍2人房,A1127,1
40920306L,女,女二舍2人房,A1127,2
40941103S,女,女二舍2人房,A1128,1
40960028T,女,女二舍2人房,A1128,2
41002031E,女,女二舍2人房,A1129,1
41002047E,女,女二舍2人房,A1129,2
41083041I,女,女二舍2人房,A1130,1
41084208I,女,女二舍2人房,A1130,2
40844042S,女,女二舍2人房,A1131,1
40844010S,女,女二舍2人房,A1131,2
40820311L,女,女二舍2人房,A1132,1
40820328L,女,女二舍2人房,A1132,2
41007140E,女,女二舍2人房,A1222,1
41042245S,女,女二舍2人房,A1222,2
40751012S,女,女二舍2人房,A1223,1
41005902E,女,女二舍2人房,A1223,2
40921142L,女,女二舍2人房,A1224,1
41021128L,女,女二舍2人房,A1224,2
40907114E,女,女二舍2人房,A1225,1
40907119E,女,女二舍2人房,A1225,2
41077905H,女,女二舍2人房,A1226,1
40944008S,女,女二舍2人房,A1226,2
40920209L,女,女二舍2人房,A1227,1
40920201L,女,女二舍2人房,A1227,2
40842136S,女,女二舍2人房,A1228,1
40811005E,女,女二舍2人房,A1228,2
40892013M,女,女二舍2人房,A1229,1
40890109M,女,女二舍2人房,A1229,2
40868006T,女,女二舍2人房,A1230,1
40868032T,女,女二舍2人房,A1230,2
40806118E,女,女二舍2人房,A1231,1
40806116E,女,女二舍2人房,A1231,2
41022029L,女,女二舍2人房,A1232,1
41011008E,女,女二舍2人房,A1232,2
40957046O,女,女二舍4人房,A0611,1
40983060I,女,女二舍4人房,A0611,2
40983005I,女,女二舍4人房,A0611,3
41073138H,女,女二舍4人房,A0611,4
41044045S,女,女二舍4人房,A0612,1
40944901S,女,女二舍4人房,A0612,2
41057015O,女,女二舍4人房,A0612,3
40957029O,女,女二舍4人房,A0612,4
40890219M,女,女二舍4人房,A0613,1
40911007E,女,女二舍4人房,A0613,2
40921113L,女,女二舍4人房,A0613,3
41021119L,女,女二舍4人房,A0613,4
40975021H,女,女二舍4人房,A0614,1
40877010H,女,女二舍4人房,A0614,2
41077020H,女,女二舍4人房,A0614,3
41090211M,女,女二舍4人房,A0614,4
41072012H,女,女二舍4人房,A0615,1
40872023H,女,女二舍4人房,A0615,2
41072014H,女,女二舍4人房,A0615,3
40875004H,女,女二舍4人房,A0615,4
40872004H,女,女二舍4人房,A0616,1
41072009H,女,女二舍4人房,A0616,2
40972903H,女,女二舍4人房,A0616,3
40872003H,女,女二舍4人房,A0616,4
41047046S,女,女二舍4人房,A0617,1
40847053S,女,女二舍4人房,A0617,2
40851002S,女,女二舍4人房,A0617,3
41072040H,女,女二舍4人房,A0617,4
40843224S,女,女二舍4人房,A0618,1
41043206S,女,女二舍4人房,A0618,2
40943124S,女,女二舍4人房,A0618,3
41047010S,女,女二舍4人房,A0618,4
40940119S,女,女二舍4人房,A0619,1
41041133S,女,女二舍4人房,A0619,2
41041119S,女,女二舍4人房,A0619,3
40841230S,女,女二舍4人房,A0619,4
40940314S,女,女二舍4人房,A0620,1
40940315S,女,女二舍4人房,A0620,2
40940320S,女,女二舍4人房,A0620,3
40840112S,女,女二舍4人房,A0620,4
40926017L,女,女二舍4人房,A0621,1
40832039A,女,女二舍4人房,A0621,2
40832063A,女,女二舍4人房,A0621,3
40832023A,女,女二舍4人房,A0621,4
40826017L,女,女二舍4人房,A0701,1
41071105H,女,女二舍4人房,A0701,2
41071213H,女,女二舍4人房,A0701,3
40826002L,女,女二舍4人房,A0701,4
41022020L,女,女二舍4人房,A0702,1
40871220H,女,女二舍4人房,A0702,2
40813005E,女,女二舍4人房,A0702,3
40822053L,女,女二舍4人房,A0702,4
40822047L,女,女二舍4人房,A0703,1
40807233E,女,女二舍4人房,A0703,2
40822003L,女,女二舍4人房,A0703,3
40809021E,女,女二舍4人房,A0703,4
40807127E,女,女二舍4人房,A0704,1
41005032E,女,女二舍4人房,A0704,2
41005018E,女,女二舍4人房,A0704,3
41007118E,女,女二舍4人房,A0704,4
40813008E,女,女二舍4人房,A0705,1
40922016L,女,女二舍4人房,A0705,2
40922013L,女,女二舍4人房,A0705,3
40806119E,女,女二舍4人房,A0705,4
41057064O,女,女二舍4人房,A0706,1
41042208S,女,女二舍4人房,A0706,2
40968017T,女,女二舍4人房,A0706,3
40968012T,女,女二舍4人房,A0706,4
40806117E,女,女二舍4人房,A0707,1
40884207I,女,女二舍4人房,A0707,2
40884220I,女,女二舍4人房,A0707,3
40806106E,女,女二舍4人房,A0707,4
40972038H,女,女二舍4人房,A0708,1
40972019H,女,女二舍4人房,A0708,2
41041114S,女,女二舍4人房,A0708,3
41041205S,女,女二舍4人房,A0708,4
40802045E,女,女二舍4人房,A0709,1
40821120L,女,女二舍4人房,A0709,2
40821115L,女,女二舍4人房,A0709,3
40802026E,女,女二舍4人房,A0709,4
40806211E,女,女二舍4人房,A0710,1
40806201E,女,女二舍4人房,A0710,2
41068032T,女,女二舍4人房,A0710,3
41068002T,女,女二舍4人房,A0710,4
40884234I,女,女二舍4人房,A0711,1
40805037E,女,女二舍4人房,A0711,2
40992010M,女,女二舍4人房,A0711,3
40802027E,女,女二舍4人房,A0711,4
40820121L,女,女二舍4人房,A0712,1
40820224L,女,女二舍4人房,A0712,2
40872024H,女,女二舍4人房,A0712,3
40872019H,女,女二舍4人房,A0712,4
40742201S,女,女二舍4人房,A0713,1
40841225S,女,女二舍4人房,A0713,2
40901031E,女,女二舍4人房,A0713,3
40901034E,女,女二舍4人房,A0713,4
40801009E,女,女二舍4人房,A0714,1
40801031E,女,女二舍4人房,A0714,2
40801030E,女,女二舍4人房,A0714,3
40884265I,女,女二舍4人房,A0714,4
40851006S,女,女二舍4人房,A0715,1
40851015S,女,女二舍4人房,A0715,2
40851013S,女,女二舍4人房,A0715,3
40784227I,女,女二舍4人房,A0715,4
41084204I,女,女二舍4人房,A0716,1
40772046H,女,女二舍4人房,A0716,2
40822052L,女,女二舍4人房,A0716,3
40806217E,女,女二舍4人房,A0716,4
40907231E,女,女二舍4人房,A0717,1
40905015E,女,女二舍4人房,A0717,2
40905019E,女,女二舍4人房,A0717,3
40784225I,女,女二舍4人房,A0717,4
40842124S,女,女二舍4人房,A0718,1
41005006E,女,女二舍4人房,A0718,2
41005010E,女,女二舍4人房,A0718,3
41005023E,女,女二舍4人房,A0718,4
40947015S,女,女二舍4人房,A0719,1
40947018S,女,女二舍4人房,A0719,2
40947019S,女,女二舍4人房,A0719,3
40783010I,女,女二舍4人房,A0719,4
40900227E,女,女二舍4人房,A0720,1
40900125E,女,女二舍4人房,A0720,2
40800106E,女,女二舍4人房,A0720,3
40771231H,女,女二舍4人房,A0720,4
40923233L,女,女二舍4人房,A0721,1
40923232L,女,女二舍4人房,A0721,2
40900214E,女,女二舍4人房,A0721,3
40830040A,女,女二舍4人房,A0721,4
40968013T,女,女二舍4人房,A0733,1
40968019T,女,女二舍4人房,A0733,2
40968038T,女,女二舍4人房,A0733,3
40830015A,女,女二舍4人房,A0733,4
40883039I,女,女二舍4人房,A0801,1
40802050E,女,女二舍4人房,A0801,2
40883012I,女,女二舍4人房,A0801,3
40730019A,女,女二舍4人房,A0801,4
40909002E,女,女二舍4人房,A0802,1
41009009E,女,女二舍4人房,A0802,2
41009002E,女,女二舍4人房,A0802,3
40923227L,女,女二舍4人房,A0802,4
40941104S,女,女二舍4人房,A0803,1
40943115S,女,女二舍4人房,A0803,2
40941105S,女,女二舍4人房,A0803,3
40923126L,女,女二舍4人房,A0803,4
40923210L,女,女二舍4人房,A0804,1
40907142E,女,女二舍4人房,A0804,2
40909040E,女,女二舍4人房,A0804,3
40923237L,女,女二舍4人房,A0804,4
40909009E,女,女二舍4人房,A0805,1
40909034E,女,女二舍4人房,A0805,2
41007113E,女,女二舍4人房,A0805,3
41023133L,女,女二舍4人房,A0805,4
40872036H,女,女二舍4人房,A0806,1
40872020H,女,女二舍4人房,A0806,2
40723104L,女,女二舍4人房,A0806,3
40872037H,女,女二舍4人房,A0806,4
40820204L,女,女二舍4人房,A0807,1
40960033T,女,女二舍4人房,A0807,2
40960016T,女,女二舍4人房,A0807,3
40968009T,女,女二舍4人房,A0807,4
40851014S,女,女二舍4人房,A0808,1
40800216E,女,女二舍4人房,A0808,2
40851012S,女,女二舍4人房,A0808,3
40720336L,女,女二舍4人房,A0808,4
40823113L,女,女二舍4人房,A0809,1
40871123H,女,女二舍4人房,A0809,2
40971904H,女,女二舍4人房,A0809,3
41020113L,女,女二舍4人房,A0809,4
40868005T,女,女二舍4人房,A0810,1
40868014T,女,女二舍4人房,A0810,2
40868031T,女,女二舍4人房,A0810,3
40920313L,女,女二舍4人房,A0810,4
41020215L,女,女二舍4人房,A0811,1
40860210T,女,女二舍4人房,A0811,2
40821236L,女,女二舍4人房,A0811,3
40821213L,女,女二舍4人房,A0811,4
40820315L,女,女二舍4人房,A0812,1
40800203E,女,女二舍4人房,A0812,2
40800119E,女,女二舍4人房,A0812,3
40720319L,女,女二舍4人房,A0812,4
40820218L,女,女二舍4人房,A0813,1
40700214E,女,女二舍4人房,A0813,2
40900107E,女,女二舍4人房,A0813,3
41021236L,女,女二舍4人房,A0813,4
40807239E,女,女二舍4人房,A0814,1
40807212E,女,女二舍4人房,A0814,2
40807213E,女,女二舍4人房,A0814,3
41005039E,女,女二舍4人房,A0814,4
40920232L,女,女二舍4人房,A0815,1
40909030E,女,女二舍4人房,A0815,2
40922055L,女,女二舍4人房,A0815,3
41005031E,女,女二舍4人房,A0815,4
40871213H,女,女二舍4人房,A0816,1
40871211H,女,女二舍4人房,A0816,2
40871103H,女,女二舍4人房,A0816,3
40905903E,女,女二舍4人房,A0816,4
40932011A,女,女二舍4人房,A0817,1
40832022A,女,女二舍4人房,A0817,2
40932052A,女,女二舍4人房,A0817,3
40705009E,女,女二舍4人房,A0817,4
40826001L,女,女二舍4人房,A0818,1
40826011L,女,女二舍4人房,A0818,2
40826018L,女,女二舍4人房,A0818,3
40800212E,女,女二舍4人房,A0818,4
40922048L,女,女二舍4人房,A0819,1
40922035L,女,女二舍4人房,A0819,2
40822044L,女,女二舍4人房,A0819,3
40800215E,女,女二舍4人房,A0819,4
40813015E,女,女二舍4人房,A0820,1
40822018L,女,女二舍4人房,A0820,2
40822020L,女,女二舍4人房,A0820,3
41000201E,女,女二舍4人房,A0820,4
40844013S,女,女二舍4人房,A0821,1
40800123E,女,女二舍4人房,A0821,2
40844004S,女,女二舍4人房,A0821,3
40744006S,女,女二舍4人房,A0821,4
40990201M,女,女二舍4人房,A0901,1
40806125E,女,女二舍4人房,A0901,2
40820131L,女,女二舍4人房,A0901,3
40700225E,女,女二舍4人房,A0901,4
40872007H,女,女二舍4人房,A0902,1
40902042E,女,女二舍4人房,A0902,2
40868035T,女,女二舍4人房,A0902,3
40857021O,女,女二舍4人房,A0902,4
41000904E,女,女二舍4人房,A0903,1
41007229E,女,女二舍4人房,A0903,2
40668036T,女,女二舍4人房,A0903,3
41007211E,女,女二舍4人房,A0903,4
41044048S,女,女二舍4人房,A0904,1
41077001H,女,女二舍4人房,A0904,2
40868039T,女,女二舍4人房,A0904,3
41044016S,女,女二舍4人房,A0904,4
40942225S,女,女二舍4人房,A0905,1
40942206S,女,女二舍4人房,A0905,2
40942220S,女,女二舍4人房,A0905,3
40942223S,女,女二舍4人房,A0905,4
40930039A,女,女二舍4人房,A0906,1
41030041A,女,女二舍4人房,A0906,2
40930038A,女,女二舍4人房,A0906,3
40830037A,女,女二舍4人房,A0906,4
40905035E,女,女二舍4人房,A0907,1
40807113E,女,女二舍4人房,A0907,2
40807216E,女,女二舍4人房,A0907,3
40807119E,女,女二舍4人房,A0907,4
40884205I,女,女二舍4人房,A0908,1
40775045H,女,女二舍4人房,A0908,2
40875006H,女,女二舍4人房,A0908,3
40875022H,女,女二舍4人房,A0908,4
40821129L,女,女二舍4人房,A0909,1
40884208I,女,女二舍4人房,A0909,2
40800120E,女,女二舍4人房,A0909,3
40822051L,女,女二舍4人房,A0909,4
40801015E,女,女二舍4人房,A0910,1
40890111M,女,女二舍4人房,A0910,2
40977003H,女,女二舍4人房,A0910,3
40977012H,女,女二舍4人房,A0910,4
41060009T,女,女二舍4人房,A0911,1
41060023T,女,女二舍4人房,A0911,2
41060034T,女,女二舍4人房,A0911,3
41060042T,女,女二舍4人房,A0911,4
40921127L,女,女二舍4人房,A0912,1
40921133L,女,女二舍4人房,A0912,2
40842133S,女,女二舍4人房,A0912,3
40921105L,女,女二舍4人房,A0912,4
41060038T,女,女二舍4人房,A0913,1
41007241E,女,女二舍4人房,A0913,2
41060044T,女,女二舍4人房,A0913,3
41060039T,女,女二舍4人房,A0913,4
40801022E,女,女二舍4人房,A0914,1
40807114E,女,女二舍4人房,A0914,2
40801036E,女,女二舍4人房,A0914,3
40801004E,女,女二舍4人房,A0914,4
41071214H,女,女二舍4人房,A0915,1
41071217H,女,女二舍4人房,A0915,2
41077004H,女,女二舍4人房,A0915,3
41071218H,女,女二舍4人房,A0915,4
40942121S,女,女二舍4人房,A0916,1
40890112M,女,女二舍4人房,A0916,2
40730006A,女,女二舍4人房,A0916,3
40730042A,女,女二舍4人房,A0916,4
40730003A,女,女二舍4人房,A0917,1
41092007M,女,女二舍4人房,A0917,2
41083023I,女,女二舍4人房,A0917,3
41060029T,女,女二舍4人房,A0917,4
40940105S,女,女二舍4人房,A0918,1
40940115S,女,女二舍4人房,A0918,2
40942126S,女,女二舍4人房,A0918,3
40901035E,女,女二舍4人房,A0918,4
41042123S,女,女二舍4人房,A0919,1
41042124S,女,女二舍4人房,A0919,2
41042135S,女,女二舍4人房,A0919,3
41042132S,女,女二舍4人房,A0919,4
40920202L,女,女二舍4人房,A0920,1
40920307L,女,女二舍4人房,A0920,2
40884209I,女,女二舍4人房,A0920,3
40823102L,女,女二舍4人房,A0920,4
40800126E,女,女二舍4人房,A0921,1
40800204E,女,女二舍4人房,A0921,2
40800103E,女,女二舍4人房,A0921,3
40800222E,女,女二舍4人房,A0921,4
40857040O,女,女二舍4人房,A0933,1
40857036O,女,女二舍4人房,A0933,2
40821135L,女,女二舍4人房,A0933,3
40805029E,女,女二舍4人房,A0933,4
40883010I,女,女二舍4人房,A1001,1
40883026I,女,女二舍4人房,A1001,2
40800218E,女,女二舍4人房,A1001,3
40800217E,女,女二舍4人房,A1001,4
40809011E,女,女二舍4人房,A1002,1
40809015E,女,女二舍4人房,A1002,2
40809017E,女,女二舍4人房,A1002,3
40809016E,女,女二舍4人房,A1002,4
40830024A,女,女二舍4人房,A1003,1
40830005A,女,女二舍4人房,A1003,2
40842231S,女,女二舍4人房,A1003,3
40830028A,女,女二舍4人房,A1003,4
40890223M,女,女二舍4人房,A1004,1
40890113M,女,女二舍4人房,A1004,2
40890217M,女,女二舍4人房,A1004,3
40890116M,女,女二舍4人房,A1004,4
40809002E,女,女二舍4人房,A1005,1
40871222H,女,女二舍4人房,A1005,2
40809003E,女,女二舍4人房,A1005,3
40809009E,女,女二舍4人房,A1005,4
40871209H,女,女二舍4人房,A1006,1
40847044S,女,女二舍4人房,A1006,2
40847009S,女,女二舍4人房,A1006,3
40847037S,女,女二舍4人房,A1006,4
40840114S,女,女二舍4人房,A1007,1
40840318S,女,女二舍4人房,A1007,2
40840130S,女,女二舍4人房,A1007,3
40940113S,女,女二舍4人房,A1007,4
41043112S,女,女二舍4人房,A1008,1
41043116S,女,女二舍4人房,A1008,2
41043133S,女,女二舍4人房,A1008,3
41043230S,女,女二舍4人房,A1008,4
40951031S,女,女二舍4人房,A1009,1
40951017S,女,女二舍4人房,A1009,2
41006226E,女,女二舍4人房,A1009,3
41001002E,女,女二舍4人房,A1009,4
40984202I,女,女二舍4人房,A1010,1
40984207I,女,女二舍4人房,A1010,2
40984204I,女,女二舍4人房,A1010,3
40984205I,女,女二舍4人房,A1010,4
40905007E,女,女二舍4人房,A1011,1
40905017E,女,女二舍4人房,A1011,2
40905008E,女,女二舍4人房,A1011,3
40905010E,女,女二舍4人房,A1011,4
40873006H,女,女二舍4人房,A1012,1
40875023H,女,女二舍4人房,A1012,2
40875003H,女,女二舍4人房,A1012,3
40841117S,女,女二舍4人房,A1012,4
40823108L,女,女二舍4人房,A1013,1
40823210L,女,女二舍4人房,A1013,2
40823105L,女,女二舍4人房,A1013,3
40823123L,女,女二舍4人房,A1013,4
40802017E,女,女二舍4人房,A1014,1
40802021E,女,女二舍4人房,A1014,2
40802009E,女,女二舍4人房,A1014,3
40802015E,女,女二舍4人房,A1014,4
40883038I,女,女二舍4人房,A1015,1
40883022I,女,女二舍4人房,A1015,2
40802049E,女,女二舍4人房,A1015,3
40807229E,女,女二舍4人房,A1015,4
40707204E,女,女二舍4人房,A1016,1
40707217E,女,女二舍4人房,A1016,2
40606317E,女,女二舍4人房,A1016,3
40606225E,女,女二舍4人房,A1016,4
40806107E,女,女二舍4人房,A1017,1
40806221E,女,女二舍4人房,A1017,2
40806203E,女,女二舍4人房,A1017,3
40806238E,女,女二舍4人房,A1017,4
41044911S,女,女二舍4人房,A1018,1
41044909S,女,女二舍4人房,A1018,2
40700228E,女,女二舍4人房,A1018,3
40744008S,女,女二舍4人房,A1018,4
41002023E,女,女二舍4人房,A1019,1
41002005E,女,女二舍4人房,A1019,2
41002024E,女,女二舍4人房,A1019,3
41002022E,女,女二舍4人房,A1019,4
40805012E,女,女二舍4人房,A1020,1
40805007E,女,女二舍4人房,A1020,2
40805027E,女,女二舍4人房,A1020,3
40805023E,女,女二舍4人房,A1020,4
40942209S,女,女二舍4人房,A1021,1
40942216S,女,女二舍4人房,A1021,2
40942202S,女,女二舍4人房,A1021,3
40942237S,女,女二舍4人房,A1021,4
40806219E,女,女二舍4人房,A1101,1
40806218E,女,女二舍4人房,A1101,2
40806205E,女,女二舍4人房,A1101,3
40806208E,女,女二舍4人房,A1101,4
40842238S,女,女二舍4人房,A1102,1
40807237E,女,女二舍4人房,A1102,2
40842237S,女,女二舍4人房,A1102,3
40842222S,女,女二舍4人房,A1102,4
41032903A,女,女二舍4人房,A1103,1
41032008A,女,女二舍4人房,A1103,2
41032023A,女,女二舍4人房,A1103,3
41042207S,女,女二舍4人房,A1103,4
40973014H,女,女二舍4人房,A1104,1
40843214S,女,女二舍4人房,A1104,2
40843116S,女,女二舍4人房,A1104,3
40843203S,女,女二舍4人房,A1104,4
40800214E,女,女二舍4人房,A1105,1
40800115E,女,女二舍4人房,A1105,2
40800116E,女,女二舍4人房,A1105,3
40800113E,女,女二舍4人房,A1105,4
41007102E,女,女二舍4人房,A1106,1
41021239L,女,女二舍4人房,A1106,2
41006222E,女,女二舍4人房,A1106,3
41009021E,女,女二舍4人房,A1106,4
41030066A,女,女二舍4人房,A1107,1
41042112S,女,女二舍4人房,A1107,2
41042117S,女,女二舍4人房,A1107,3
41042116S,女,女二舍4人房,A1107,4
41051033S,女,女二舍4人房,A1108,1
41005021E,女,女二舍4人房,A1108,2
41051012S,女,女二舍4人房,A1108,3
41072048H,女,女二舍4人房,A1108,4
41083008I,女,女二舍4人房,A1109,1
41060004T,女,女二舍4人房,A1109,2
41083046I,女,女二舍4人房,A1109,3
41083043I,女,女二舍4人房,A1109,4
40890225M,女,女二舍4人房,A1110,1
40890211M,女,女二舍4人房,A1110,2
40890222M,女,女二舍4人房,A1110,3
40890220M,女,女二舍4人房,A1110,4
41000228E,女,女二舍4人房,A1111,1
41000130E,女,女二舍4人房,A1111,2
41023217L,女,女二舍4人房,A1111,3
41020134L,女,女二舍4人房,A1111,4
40877011H,女,女二舍4人房,A1112,1
40857024O,女,女二舍4人房,A1112,2
40883041I,女,女二舍4人房,A1112,3
40857022O,女,女二舍4人房,A1112,4
40951015S,女,女二舍4人房,A1113,1
40951020S,女,女二舍4人房,A1113,2
40951016S,女,女二舍4人房,A1113,3
40951011S,女,女二舍4人房,A1113,4
40943222S,女,女二舍4人房,A1114,1
40943225S,女,女二舍4人房,A1114,2
40943215S,女,女二舍4人房,A1114,3
40943219S,女,女二舍4人房,A1114,4
40821134L,女,女二舍4人房,A1115,1
40821205L,女,女二舍4人房,A1115,2
40821136L,女,女二舍4人房,A1115,3
40821232L,女,女二舍4人房,A1115,4
40823121L,女,女二舍4人房,A1116,1
40823218L,女,女二舍4人房,A1116,2
40972046H,女,女二舍4人房,A1116,3
40972011H,女,女二舍4人房,A1116,4
40968001T,女,女二舍4人房,A1117,1
40983020I,女,女二舍4人房,A1117,2
40983034I,女,女二舍4人房,A1117,3
40983035I,女,女二舍4人房,A1117,4
41002902E,女,女二舍4人房,A1118,1
40902045E,女,女二舍4人房,A1118,2
40902047E,女,女二舍4人房,A1118,3
40902029E,女,女二舍4人房,A1118,4
40813006E,女,女二舍4人房,A1119,1
40813018E,女,女二舍4人房,A1119,2
40813022E,女,女二舍4人房,A1119,3
40868036T,女,女二舍4人房,A1119,4
40805021E,女,女二舍4人房,A1120,1
40871202H,女,女二舍4人房,A1120,2
40868002T,女,女二舍4人房,A1120,3
40811007E,女,女二舍4人房,A1120,4
40873020H,女,女二舍4人房,A1121,1
40822069L,女,女二舍4人房,A1121,2
40822066L,女,女二舍4人房,A1121,3
40873005H,女,女二舍4人房,A1121,4
41073157H,女,女二舍4人房,A1133,1
41026002L,女,女二舍4人房,A1133,2
41026010L,女,女二舍4人房,A1133,3
41026004L,女,女二舍4人房,A1133,4
40823111L,女,女二舍4人房,A1201,1
41022046L,女,女二舍4人房,A1201,2
40972904H,女,女二舍4人房,A1202,1
41009007E,女,女二舍4人房,A1202,2
41072013H,女,女二舍4人房,A1203,1
40876002H,女,女二舍4人房,A1204,1
40884237I,女,女二舍4人房,A1204,2
40968031T,女,女二舍4人房,A1204,3
41007235E,女,女二舍4人房,A1204,4
40807102E,女,女二舍4人房,A1205,1
40813009E,女,女二舍4人房,A1205,2
40820219L,女,女二舍4人房,A1205,3
40820333L,女,女二舍4人房,A1205,4
40884239I,女,女二舍4人房,A1206,1
40884236I,女,女二舍4人房,A1206,2
40884218I,女,女二舍4人房,A1206,3
40884221I,女,女二舍4人房,A1206,4
40921214L,女,女二舍4人房,A1207,1
40922007L,女,女二舍4人房,A1207,2
40922020L,女,女二舍4人房,A1207,3
40921218L,女,女二舍4人房,A1207,4
41006119E,女,女二舍4人房,A1208,1
41006218E,女,女二舍4人房,A1208,2
41070004H,女,女二舍4人房,A1208,3
41070001H,女,女二舍4人房,A1208,4
41000104E,女,女二舍4人房,A1209,1
41072011H,女,女二舍4人房,A1209,2
41072002H,女,女二舍4人房,A1209,3
40920311L,女,女二舍4人房,A1209,4
40743205S,女,女二舍4人房,A1210,1
40843222S,女,女二舍4人房,A1210,2
40843115S,女,女二舍4人房,A1210,3
40843225S,女,女二舍4人房,A1210,4
40951005S,女,女二舍4人房,A1211,1
40951004S,女,女二舍4人房,A1211,2
40951003S,女,女二舍4人房,A1211,3
40951007S,女,女二舍4人房,A1211,4
40823110L,女,女二舍4人房,A1212,1
40805011E,女,女二舍4人房,A1212,2
40809036E,女,女二舍4人房,A1212,3
40842204S,女,女二舍4人房,A1212,4
40800127E,女,女二舍4人房,A1213,1
40800128E,女,女二舍4人房,A1213,2
40800125E,女,女二舍4人房,A1213,3
40800225E,女,女二舍4人房,A1213,4
40900202E,女,女二舍4人房,A1214,1
40900127E,女,女二舍4人房,A1214,2
40942128S,女,女二舍4人房,A1214,3
40900207E,女,女二舍4人房,A1214,4
40871215H,女,女二舍4人房,A1215,1
41022026L,女,女二舍4人房,A1215,2
40805010E,女,女二舍4人房,A1215,3
40884223I,女,女二舍4人房,A1215,4
40809039E,女,女二舍4人房,A1216,1
41040119S,女,女二舍4人房,A1216,2
40868004T,女,女二舍4人房,A1216,3
40720204L,女,女二舍4人房,A1216,4
40820129L,女,女二舍4人房,A1217,1
40820205L,女,女二舍4人房,A1217,2
40873038H,女,女二舍4人房,A1217,3
40820222L,女,女二舍4人房,A1217,4
41030004A,女,女二舍4人房,A1218,1
40930022A,女,女二舍4人房,A1218,2
40930058A,女,女二舍4人房,A1218,3
40930023A,女,女二舍4人房,A1218,4
40820118L,女,女二舍4人房,A1219,1
40820115L,女,女二舍4人房,A1219,2
40820116L,女,女二舍4人房,A1219,3
41020114L,女,女二舍4人房,A1219,4
40820314L,女,女二舍4人房,A1220,1
40871120H,女,女二舍4人房,A1220,2
40884202I,女,女二舍4人房,A1220,3
40823219L,女,女二舍4人房,A1220,4
40807232E,女,女二舍4人房,A1221,1
40807240E,女,女二舍4人房,A1221,2
40807133E,女,女二舍4人房,A1221,3
40807141E,女,女二舍4人房,A1221,4
41057059O,女,性別友善宿舍(學七舍2樓),F70203,1
40983026I,女,性別友善宿舍(學七舍2樓),F70203,3
40943226S,女,性別友善宿舍(學七舍2樓),F70203,4
40932019A,女,性別友善宿舍(學七舍2樓),F70208,1
40932060A,女,性別友善宿舍(學七舍2樓),F70208,2
40932047A,女,性別友善宿舍(學七舍2樓),F70208,3
41007238E,女,性別友善宿舍(學七舍2樓),F70208,4
40941206S,女,性別友善宿舍(學七舍2樓),F70213,1
40941122S,女,性別友善宿舍(學七舍2樓),F70213,2
41007237E,女,性別友善宿舍(學七舍2樓),F70213,3
40941133S,女,性別友善宿舍(學七舍2樓),F70213,4
40940216S,女,性別友善宿舍(學七舍2樓),F70216,1
40940118S,女,性別友善宿舍(學七舍2樓),F70216,2
40972036H,女,性別友善宿舍(學七舍2樓),F70216,3
40940205S,女,性別友善宿舍(學七舍2樓),F70216,4
40942141S,女,性別友善宿舍(學七舍2樓),F70218,1
40944005S,女,性別友善宿舍(學七舍2樓),F70218,2
40940304S,女,性別友善宿舍(學七舍2樓),F70218,3
40840232S,女,性別友善宿舍(學七舍2樓),F70218,4
40944003S,女,性別友善宿舍(學七舍2樓),F70221,1
40907214E,女,性別友善宿舍(學七舍2樓),F70221,2
40944010S,女,性別友善宿舍(學七舍2樓),F70221,3
40944014S,女,性別友善宿舍(學七舍2樓),F70221,4
40921107L,女,誠樓,3501,1
40911010E,女,誠樓,3501,2
40900110E,女,誠樓,3502,1
40984215I,女,誠樓,3502,2
40940228S,女,誠樓,3502,3
40860113T,女,誠樓,3502,4
41043110S,女,誠樓,3503,1
41042125S,女,誠樓,3503,2
40923129L,女,誠樓,3503,3
41077005H,女,誠樓,3503,4
41021223L,女,誠樓,3518,1
40920224L,女,誠樓,3519,1
40942231S,女,誠樓,3519,2
41051006S,女,誠樓,3519,3
40942217S,女,誠樓,3519,4
40840204S,女,誠樓女3人房,3504,1
40823133L,女,誠樓女3人房,3504,2
40842127S,女,誠樓女3人房,3504,3
40907208E,女,誠樓女3人房,3505,1
40942105S,女,誠樓女3人房,3505,2
40901027E,女,誠樓女3人房,3505,3
41071118H,女,誠樓女3人房,3508,1
41040319S,女,誠樓女3人房,3508,2
40983054I,女,誠樓女3人房,3508,3
40884211I,女,誠樓女3人房,3510,1
40802042E,女,誠樓女3人房,3510,2
40842129S,女,誠樓女3人房,3510,3
41042213S,女,學七舍,70802,1
41044035S,女,學七舍,70802,2
41047028S,女,學七舍,70803,1
41006132E,女,學七舍,70803,2
41011016E,女,學七舍,70803,3
41020313L,女,學七舍,70803,4
40947062S,女,學七舍,70804,1
40944019S,女,學七舍,70804,2
40971120H,女,學七舍,70804,3
40947063S,女,學七舍,70804,4
40940132S,女,學七舍,70805,1
40943230S,女,學七舍,70805,2
41043217S,女,學七舍,70805,3
40943136S,女,學七舍,70805,4
41051034S,女,學七舍,70806,1
40940102S,女,學七舍,70806,2
41040104S,女,學七舍,70806,3
40943135S,女,學七舍,70806,4
40932068A,女,學七舍,70807,1
40932048A,女,學七舍,70807,2
40932054A,女,學七舍,70807,3
40932044A,女,學七舍,70807,4
41084259I,女,學七舍,70808,1
41084265I,女,學七舍,70808,2
40884141I,女,學七舍,70808,3
40905045E,女,學七舍,70808,4
40984147I,女,學七舍,70809,1
40809043E,女,學七舍,70809,2
40811017E,女,學七舍,70809,3
40840330S,女,學七舍,70809,4
41032028A,女,學七舍,70810,1
41032018A,女,學七舍,70810,2
41084261I,女,學七舍,70810,3
40884144I,女,學七舍,70810,4
41032059A,女,學七舍,70811,1
40932016A,女,學七舍,70811,2
40832043A,女,學七舍,70811,3
40832027A,女,學七舍,70811,4
40932029A,女,學七舍,70812,1
40832040A,女,學七舍,70812,2
40932017A,女,學七舍,70812,3
40832050A,女,學七舍,70812,4
40947020S,女,學七舍,70813,1
40822062L,女,學七舍,70813,2
40801039E,女,學七舍,70813,3
40823241L,女,學七舍,70813,4
41068026T,女,學七舍,70814,1
40868038T,女,學七舍,70814,2
40884262I,女,學七舍,70814,3
40884105I,女,學七舍,70814,4
41060028T,女,學七舍,70815,1
41060021T,女,學七舍,70815,2
40857052O,女,學七舍,70815,3
41021142L,女,學七舍,70815,4
40843234S,女,學七舍,70816,1
40957054O,女,學七舍,70816,2
40843135S,女,學七舍,70816,3
40851033S,女,學七舍,70816,4
40932061A,女,學七舍,70817,1
40832046A,女,學七舍,70817,2
40802029E,女,學七舍,70817,3
41002051E,女,學七舍,70817,4
41032046A,女,學七舍,70818,1
41032040A,女,學七舍,70818,2
40740326S,女,學七舍,70818,3
40740317S,女,學七舍,70818,4
41030039A,女,學七舍,70819,1
41032034A,女,學七舍,70819,2
41030040A,女,學七舍,70819,3
40832030A,女,學七舍,70819,4
40732047A,女,學七舍,70820,1
40732022A,女,學七舍,70820,2
40832003A,女,學七舍,70820,3
40732038A,女,學七舍,70820,4
41032078A,女,學七舍,70821,1
40932030A,女,學七舍,70821,2
41032012A,女,學七舍,70821,3
40832032A,女,學七舍,70821,4
41073114H,女,學七舍,70822,1
41030056A,女,學七舍,70822,2
41068023T,女,學七舍,70822,3
41071127H,女,學七舍,70822,4
40842105S,女,學七舍,70903,1
41044005S,女,學七舍,70903,2
40983044I,女,學七舍,70915,1
40857047O,女,學七舍,70915,2
40947053S,女,學七舍,70915,3
40984268I,女,學七舍,70915,4
40832045A,女,學七舍,71001,1
41032019A,女,學七舍,71001,2
40932021A,女,學七舍,71001,3
40632012A,女,學七舍,71001,4
41042103S,女,學七舍,71002,1
41042120S,女,學七舍,71002,2
41042104S,女,學七舍,71002,3
41043131S,女,學七舍,71002,4
41044007S,女,學七舍,71003,1
41044024S,女,學七舍,71003,2
40932065A,女,學七舍,71003,3
40932039A,女,學七舍,71003,4
41032076A,女,學七舍,71004,1
40832001A,女,學七舍,71004,2
40932053A,女,學七舍,71004,3
40932051A,女,學七舍,71004,4
41051035S,女,學七舍,71005,1
41051019S,女,學七舍,71005,2
41051004S,女,學七舍,71005,3
41083037I,女,學七舍,71005,4
40807243E,女,學七舍,71006,1
40807241E,女,學七舍,71006,2
40842141S,女,學七舍,71006,3
40842241S,女,學七舍,71006,4
41032071A,女,學七舍,71007,1
40832055A,女,學七舍,71007,2
40832052A,女,學七舍,71007,3
40832006A,女,學七舍,71007,4
40951002S,女,學七舍,71008,1
40906131E,女,學七舍,71008,2
40905041E,女,學七舍,71008,3
40906238E,女,學七舍,71008,4
41042205S,女,學七舍,71009,1
41042203S,女,學七舍,71009,2
41042130S,女,學七舍,71009,3
41002029E,女,學七舍,71009,4
40932069A,女,學七舍,71010,1
41032025A,女,學七舍,71010,2
40932058A,女,學七舍,71010,3
40932041A,女,學七舍,71010,4
40932004A,女,學七舍,71011,1
40932038A,女,學七舍,71011,2
40832004A,女,學七舍,71011,3
40832002A,女,學七舍,71011,4
40832007A,女,學七舍,71012,1
41032065A,女,學七舍,71012,2
41032048A,女,學七舍,71012,3
40832033A,女,學七舍,71012,4
41041135S,女,學七舍,71013,1
41041230S,女,學七舍,71013,2
41041106S,女,學七舍,71013,3
41013019E,女,學七舍,71013,4
41043132S,女,學七舍,71014,1
41043209S,女,學七舍,71014,2
41043211S,女,學七舍,71014,3
41043109S,女,學七舍,71014,4
41032064A,女,學七舍,71101,1
41084137I,女,學七舍,71101,2
41084118I,女,學七舍,71101,3
40932031A,女,學七舍,71101,4
41047039S,女,學七舍,71103,1
41047001S,女,學七舍,71103,2
41070032H,女,學七舍,71103,3
40840219S,女,學七舍,71103,4
41047043S,女,學七舍,71104,1
41047005S,女,學七舍,71104,2
41009030E,女,學七舍,71104,3
41042223S,女,學七舍,71104,4
41032051A,女,學七舍,71105,1
41057035O,女,學七舍,71105,2
41072038H,女,學七舍,71105,3
41072036H,女,學七舍,71105,4
41040329S,女,學七舍,71106,1
41032061A,女,學七舍,71106,2
41040117S,女,學七舍,71106,3
41040318S,女,學七舍,71106,4
41051013S,女,學七舍,71110,1
41051014S,女,學七舍,71110,2
40923137L,女,學七舍,71110,3
40840132S,女,學七舍,71110,4
41032002A,女,學七舍,71113,1
40832029A,女,學七舍,71113,2
41032017A,女,學七舍,71113,3
41032003A,女,學七舍,71113,4
41043117S,女,學七舍,71114,1
41043104S,女,學七舍,71114,2
41043203S,女,學七舍,71114,3
41043213S,女,學七舍,71114,4
41009025E,男,男一舍,1111,2
41026007L,男,男一舍,1111,3
41020221L,男,男一舍,1111,4
41001025E,男,男一舍,1116,2
41026006L,男,男一舍,1116,3
41009027E,男,男一舍,1116,4
40909024E,男,男一舍,1119,1
40700120E,男,男一舍,1119,4
41023103L,男,男一舍,1120,1
41023213L,男,男一舍,1120,2
41023236L,男,男一舍,1120,3
41023243L,男,男一舍,1120,4
41023117L,男,男一舍,1120,5
41023124L,男,男一舍,1120,6
41090231M,男,男一舍,1208,1
41090236M,男,男一舍,1208,2
41090213M,男,男一舍,1208,4
41092020M,男,男一舍,1208,5
40972032H,男,男一舍,1209,1
40976007H,男,男一舍,1209,2
41041116S,男,男一舍,1209,3
41042118S,男,男一舍,1209,4
41044046S,男,男一舍,1209,5
41077003H,男,男一舍,1209,6
40976002H,男,男一舍,1210,1
40972013H,男,男一舍,1210,2
40976015H,男,男一舍,1210,3
40976001H,男,男一舍,1210,4
40972034H,男,男一舍,1210,5
40976026H,男,男一舍,1210,6
41070015H,男,男一舍,1215,1
41070022H,男,男一舍,1215,2
41070005H,男,男一舍,1215,3
41070006H,男,男一舍,1215,4
40971122H,男,男一舍,1215,5
41071227H,男,男一舍,1215,6
40907207E,男,男一舍,1218,1
40907118E,男,男一舍,1218,2
40907115E,男,男一舍,1218,3
40907102E,男,男一舍,1218,4
40907129E,男,男一舍,1218,5
40907134E,男,男一舍,1218,6
41083033I,男,男一舍,1219,1
40975050H,男,男一舍,1220,1
40960020T,男,男一舍,1220,2
40975049H,男,男一舍,1220,3
41060045T,男,男一舍,1220,4
40970018H,男,男一舍,1220,5
41070901H,男,男一舍,1220,6
40943116S,男,男一舍,1221,1
40947059S,男,男一舍,1221,2
40907243E,男,男一舍,1221,3
40921239L,男,男一舍,1221,4
40951018S,男,男一舍,1221,5
40957044O,男,男一舍,1221,6
40940112S,男,男一舍,1222,1
40975026H,男,男一舍,1222,2
41076001H,男,男一舍,1222,3
41023140L,男,男一舍,1222,4
41075032H,男,男一舍,1222,5
41075027H,男,男一舍,1222,6
41075019H,男,男一舍,1223,1
40901007E,男,男一舍,1223,2
40913008E,男,男一舍,1223,3
41075024H,男,男一舍,1223,4
41075025H,男,男一舍,1223,5
40975041H,男,男一舍,1223,6
40922050L,男,男一舍,1224,1
41022005L,男,男一舍,1224,2
41022039L,男,男一舍,1224,3
41022023L,男,男一舍,1224,4
41026008L,男,男一舍,1224,5
40926901L,男,男一舍,1224,6
40922023L,男,男一舍,1225,1
40922052L,男,男一舍,1225,2
40883045I,男,男一舍,1225,3
40883048I,男,男一舍,1225,4
40922018L,男,男一舍,1225,5
41022007L,男,男一舍,1225,6
41020208L,男,男一舍,1226,1
41075039H,男,男一舍,1226,2
41075034H,男,男一舍,1226,3
41020224L,男,男一舍,1226,4
41020116L,男,男一舍,1226,5
40920109L,男,男一舍,1226,6
41020321L,男,男一舍,1227,1
41020136L,男,男一舍,1227,2
41000230E,男,男一舍,1227,3
41000131E,男,男一舍,1227,4
41020233L,男,男一舍,1227,5
41020108L,男,男一舍,1227,6
41020327L,男,男一舍,1401,1
41075005H,男,男一舍,1401,2
41073119H,男,男一舍,1401,3
40973016H,男,男一舍,1401,4
41075023H,男,男一舍,1401,5
41075002H,男,男一舍,1401,6
41032047A,男,男一舍,1402,1
40832035A,男,男一舍,1402,2
41000212E,男,男一舍,1402,3
41032038A,男,男一舍,1402,4
41000229E,男,男一舍,1402,5
40913015E,男,男一舍,1402,6
41009011E,男,男一舍,1403,1
40909041E,男,男一舍,1403,2
40800111E,男,男一舍,1403,3
40900104E,男,男一舍,1403,4
41000132E,男,男一舍,1403,5
40900108E,男,男一舍,1403,6
40807142E,男,男一舍,1404,1
40907144E,男,男一舍,1404,2
40806240E,男,男一舍,1404,3
41007219E,男,男一舍,1404,4
41007213E,男,男一舍,1404,5
41007222E,男,男一舍,1404,6
40906229E,男,男一舍,1405,1
40971224H,男,男一舍,1405,2
40971204H,男,男一舍,1405,3
40971216H,男,男一舍,1405,4
41007205E,男,男一舍,1405,5
40907145E,男,男一舍,1405,6
41090109M,男,男一舍,1406,1
41090135M,男,男一舍,1406,2
41068018T,男,男一舍,1406,3
41090218M,男,男一舍,1406,4
41006135E,男,男一舍,1406,5
41068008T,男,男一舍,1406,6
40830055A,男,男一舍,1407,1
41020315L,男,男一舍,1407,2
41009005E,男,男一舍,1407,3
40930015A,男,男一舍,1407,4
40930016A,男,男一舍,1407,5
41006101E,男,男一舍,1407,6
40905025E,男,男一舍,1408,1
40905028E,男,男一舍,1408,2
41030021A,男,男一舍,1408,3
41030026A,男,男一舍,1408,4
41030025A,男,男一舍,1408,5
41006117E,男,男一舍,1408,6
40901023E,男,男一舍,1409,1
40722002L,男,男一舍,1409,2
40722015L,男,男一舍,1409,3
40792009M,男,男一舍,1409,4
40902020E,男,男一舍,1409,5
41002018E,男,男一舍,1409,6
40884111I,男,男一舍,1410,1
41021136L,男,男一舍,1410,2
41021214L,男,男一舍,1410,3
41021213L,男,男一舍,1410,4
41021111L,男,男一舍,1410,5
40901045E,男,男一舍,1410,6
40984238I,男,男一舍,1413,1
41001008E,男,男一舍,1413,2
41001006E,男,男一舍,1413,3
41001019E,男,男一舍,1413,4
41001021E,男,男一舍,1413,5
40884113I,男,男一舍,1413,6
40873015H,男,男一舍,1414,1
41041224S,男,男一舍,1414,2
41041204S,男,男一舍,1414,3
41041203S,男,男一舍,1414,4
41041227S,男,男一舍,1414,5
41084241I,男,男一舍,1414,6
40830003A,男,男一舍,1415,1
40830030A,男,男一舍,1415,2
40830060A,男,男一舍,1415,3
40847057S,男,男一舍,1415,4
40843233S,男,男一舍,1415,5
40940231S,男,男一舍,1415,6
41030068A,男,男一舍,1416,1
40976025H,男,男一舍,1416,2
40976012H,男,男一舍,1416,3
40976014H,男,男一舍,1416,4
40976022H,男,男一舍,1416,5
41073104H,男,男一舍,1416,6
40802053E,男,男一舍,1417,1
40977021H,男,男一舍,1417,2
40830059A,男,男一舍,1417,3
40930017A,男,男一舍,1417,4
40930068A,男,男一舍,1417,5
40930064A,男,男一舍,1417,6
41020331L,男,男一舍,1418,1
41090207M,男,男一舍,1418,2
41090130M,男,男一舍,1418,3
41090125M,男,男一舍,1418,4
40830013A,男,男一舍,1418,5
41030044A,男,男一舍,1418,6
41030062A,男,男一舍,1419,1
41057050O,男,男一舍,1419,2
41057065O,男,男一舍,1419,3
41057017O,男,男一舍,1419,4
41057060O,男,男一舍,1419,5
40930035A,男,男一舍,1419,6
40930013A,男,男一舍,1420,1
41023123L,男,男一舍,1420,2
41013008E,男,男一舍,1420,3
40975025H,男,男一舍,1420,4
40913017E,男,男一舍,1420,5
41030014A,男,男一舍,1420,6
41084247I,男,男一舍,1421,1
41023125L,男,男一舍,1421,2
40975061H,男,男一舍,1421,3
41023228L,男,男一舍,1421,4
40970032H,男,男一舍,1421,5
40723224L,男,男一舍,1421,6
40930043A,男,男一舍,1422,1
41002019E,男,男一舍,1422,2
41002004E,男,男一舍,1422,3
41002014E,男,男一舍,1422,4
41002049E,男,男一舍,1422,5
40930031A,男,男一舍,1422,6
41071221H,男,男一舍,1423,1
40823212L,男,男一舍,1423,2
41071230H,男,男一舍,1423,3
41071132H,男,男一舍,1423,4
41071134H,男,男一舍,1423,5
41071232H,男,男一舍,1423,6
40973024H,男,男一舍,1424,1
40973023H,男,男一舍,1424,2
40970016H,男,男一舍,1424,3
40973054H,男,男一舍,1424,4
41023115L,男,男一舍,1424,5
40973038H,男,男一舍,1424,6
41023129L,男,男一舍,1425,1
40975023H,男,男一舍,1425,2
40975044H,男,男一舍,1425,3
41075015H,男,男一舍,1425,4
41022022L,男,男一舍,1425,5
41022025L,男,男一舍,1425,6
41073135H,男,男一舍,1426,1
41073109H,男,男一舍,1426,2
40823115L,男,男一舍,1426,3
41073152H,男,男一舍,1426,4
41073151H,男,男一舍,1426,5
41073154H,男,男一舍,1426,6
40971121H,男,男一舍,1427,1
40971118H,男,男一舍,1427,2
41023223L,男,男一舍,1427,3
40971125H,男,男一舍,1427,4
40971119H,男,男一舍,1427,5
40971128H,男,男一舍,1427,6
40922047L,男,男一舍,1429,1
40922025L,男,男一舍,1429,2
40922021L,男,男一舍,1429,3
40922051L,男,男一舍,1429,4
40923202L,男,男一舍,1429,5
40947042S,男,男一舍,1429,6
41023141L,男,男一舍,1430,1
41011005E,男,男一舍,1430,2
41011010E,男,男一舍,1430,3
41051030S,男,男一舍,1430,4
41051018S,男,男一舍,1430,5
41051005S,男,男一舍,1430,6
40821142L,男,男一舍,1431,1
41013016E,男,男一舍,1431,2
41068031T,男,男一舍,1431,3
41068034T,男,男一舍,1431,4
41013030E,男,男一舍,1431,5
41013018E,男,男一舍,1431,6
41090223M,男,男一舍,1432,1
41090129M,男,男一舍,1432,2
41090124M,男,男一舍,1432,3
41090204M,男,男一舍,1432,4
41090105M,男,男一舍,1432,5
40821234L,男,男一舍,1432,6
40973015H,男,男一舍,1433,1
40821237L,男,男一舍,1433,2
40973018H,男,男一舍,1433,3
40973017H,男,男一舍,1433,4
40973020H,男,男一舍,1433,5
40973012H,男,男一舍,1433,6
41021225L,男,男一舍,1434,1
41023204L,男,男一舍,1434,2
41023202L,男,男一舍,1434,3
41023104L,男,男一舍,1434,4
41023205L,男,男一舍,1434,5
41023203L,男,男一舍,1434,6
40860122T,男,男一舍,1435,1
40923240L,男,男一舍,1435,2
40922056L,男,男一舍,1435,3
40822004L,男,男一舍,1435,4
40923133L,男,男一舍,1435,5
40921238L,男,男一舍,1435,6
41021227L,男,男一舍,1436,1
40923131L,男,男一舍,1436,2
40923130L,男,男一舍,1436,3
40923230L,男,男一舍,1436,4
40907233E,男,男一舍,1436,5
40907218E,男,男一舍,1436,6
40847049S,男,男一舍,1437,1
41068003T,男,男一舍,1437,2
40847058S,男,男一舍,1437,3
40932073A,男,男一舍,1437,4
40951036S,男,男一舍,1437,5
40984254I,男,男一舍,1437,6
41070013H,男,男一舍,1438,1
41070008H,男,男一舍,1438,2
41070002H,男,男一舍,1438,3
41070020H,男,男一舍,1438,4
41070017H,男,男一舍,1438,5
40968023T,男,男一舍,1438,6
40990231M,男,男一舍,1439,1
40990211M,男,男一舍,1439,2
40990230M,男,男一舍,1439,3
40990125M,男,男一舍,1439,4
40990135M,男,男一舍,1439,5
40968029T,男,男一舍,1439,6
41060015T,男,男一舍,1440,1
41060003T,男,男一舍,1440,2
41060020T,男,男一舍,1440,3
41021144L,男,男一舍,1440,4
41021238L,男,男一舍,1440,5
41068007T,男,男一舍,1440,6
41075022H,男,男一舍,1441,1
41075054H,男,男一舍,1441,2
41075016H,男,男一舍,1441,3
41075014H,男,男一舍,1441,4
41075052H,男,男一舍,1441,5
41075048H,男,男一舍,1441,6
40972028H,男,男一舍,1442,1
40973003H,男,男一舍,1442,2
40972044H,男,男一舍,1442,3
40972023H,男,男一舍,1442,4
41072032H,男,男一舍,1442,5
40972008H,男,男一舍,1442,6
41022064L,男,男一舍,1443,1
41022031L,男,男一舍,1443,2
41022052L,男,男一舍,1443,3
41022065L,男,男一舍,1443,4
41022063L,男,男一舍,1443,5
41022028L,男,男一舍,1443,6
41070011H,男,男一舍,1444,1
40970023H,男,男一舍,1444,2
40970017H,男,男一舍,1444,3
40970013H,男,男一舍,1444,4
40970014H,男,男一舍,1444,5
40970007H,男,男一舍,1444,6
40975047H,男,男一舍,1445,1
41075035H,男,男一舍,1445,2
40975051H,男,男一舍,1445,3
40975029H,男,男一舍,1445,4
40970033H,男,男一舍,1445,5
40975048H,男,男一舍,1445,6
41022027L,男,男一舍,1446,1
41075026H,男,男一舍,1446,2
40923104L,男,男一舍,1446,3
41022024L,男,男一舍,1446,4
41092015M,男,男一舍,1446,5
41075004H,男,男一舍,1446,6
41041206S,男,男一舍,1447,1
41041222S,男,男一舍,1447,2
41041219S,男,男一舍,1447,3
41041221S,男,男一舍,1447,4
41041117S,男,男一舍,1447,5
41041115S,男,男一舍,1447,6
40923222L,男,男一舍,1448,2
40923221L,男,男一舍,1448,3
40923215L,男,男一舍,1448,4
40923205L,男,男一舍,1448,5
40923204L,男,男一舍,1448,6
41073134H,男,男一舍,1449,1
41073115H,男,男一舍,1449,2
41073122H,男,男一舍,1449,3
41073123H,男,男一舍,1449,4
41073131H,男,男一舍,1449,5
41073117H,男,男一舍,1449,6
41071224H,男,男一舍,1450,1
41071223H,男,男一舍,1450,2
41071121H,男,男一舍,1450,3
41071216H,男,男一舍,1450,4
41071117H,男,男一舍,1450,5
41071222H,男,男一舍,1450,6
41007214E,男,男一舍,1451,1
41007120E,男,男一舍,1451,2
41007142E,男,男一舍,1451,3
41007243E,男,男一舍,1451,4
41070003H,男,男一舍,1451,5
41007112E,男,男一舍,1451,6
40930018A,男,男一舍,1452,1
40930019A,男,男一舍,1452,2
40930021A,男,男一舍,1452,3
40930026A,男,男一舍,1452,4
40930027A,男,男一舍,1452,5
40930028A,男,男一舍,1452,6
40926008L,男,男一舍,1453,1
41072031H,男,男一舍,1453,2
41007116E,男,男一舍,1453,3
41026022L,男,男一舍,1453,4
41007141E,男,男一舍,1453,5
41026003L,男,男一舍,1453,6
41084231I,男,男一舍,1454,1
41084214I,男,男一舍,1454,2
41084218I,男,男一舍,1454,3
41047045S,男,男一舍,1454,4
41084267I,男,男一舍,1454,5
41047041S,男,男一舍,1454,6
40975024H,男,男一舍,1455,1
40975027H,男,男一舍,1455,2
40973051H,男,男一舍,1455,3
40975003H,男,男一舍,1455,4
40975005H,男,男一舍,1455,5
40975022H,男,男一舍,1455,6
41073133H,男,男一舍,1518,1
41073904H,男,男一舍,1518,2
41073113H,男,男一舍,1518,3
41073111H,男,男一舍,1518,4
41073150H,男,男一舍,1518,5
41073125H,男,男一舍,1518,6
40768039T,男,男一舍,1521,1
41030012A,男,男一舍,1521,2
41030015A,男,男一舍,1521,3
41030020A,男,男一舍,1521,4
41030016A,男,男一舍,1521,5
41030017A,男,男一舍,1521,6
40930009A,男,男一舍,1523,1
40930005A,男,男一舍,1523,2
40930056A,男,男一舍,1523,3
40930053A,男,男一舍,1523,4
40930029A,男,男一舍,1523,5
40930055A,男,男一舍,1523,6
41009026E,男,男一舍,1538,1
40909029E,男,男一舍,1538,2
41009045E,男,男一舍,1538,3
41009013E,男,男一舍,1538,4
41009039E,男,男一舍,1538,5
41000901E,男,男一舍,1538,6
41006123E,男,男一舍,1541,1
41060013T,男,男一舍,1541,2
41060014T,男,男一舍,1541,3
41060036T,男,男一舍,1541,4
40906119E,男,男一舍,1541,5
40906225E,男,男一舍,1541,6
41023143L,男,男二舍2人房,B0416,1
41030046A,男,男二舍2人房,B0416,2
41075017H,男,男二舍2人房,B0417,1
41006143E,男,男二舍2人房,B0417,2
40971103H,男,男二舍2人房,B0418,1
40975053H,男,男二舍2人房,B0418,2
40942204S,男,男二舍2人房,B0419,1
40947054S,男,男二舍2人房,B0419,2
40907138E,男,男二舍2人房,B0420,1
41042242S,男,男二舍2人房,B0420,2
40913006E,男,男二舍2人房,B0421,1
41007138E,男,男二舍2人房,B0421,2
40907127E,男,男二舍2人房,B0422,1
40907230E,男,男二舍2人房,B0422,2
40901009E,男,男二舍2人房,B0514,1
41007125E,男,男二舍2人房,B0514,2
40877015H,男,男二舍2人房,B0515,1
40883004I,男,男二舍2人房,B0515,2
40973013H,男,男二舍2人房,B0516,1
41077023H,男,男二舍2人房,B0516,2
40960004T,男,男二舍2人房,B0517,1
40873046H,男,男二舍2人房,B0517,2
41044029S,男,男二舍2人房,B0518,1
40860110T,男,男二舍2人房,B0518,2
40944022S,男,男二舍2人房,B0519,1
40844012S,男,男二舍2人房,B0519,2
40841110S,男,男二舍2人房,B0520,1
40941120S,男,男二舍2人房,B0520,2
40840329S,男,男二舍2人房,B0521,1
41041121S,男,男二舍2人房,B0521,2
40840116S,男,男二舍2人房,B0522,1
40840227S,男,男二舍2人房,B0522,2
41040327S,男,男二舍2人房,B0614,1
40940131S,男,男二舍2人房,B0614,2
41040230S,男,男二舍2人房,B0615,1
40940312S,男,男二舍2人房,B0615,2
40822019L,男,男二舍2人房,B0616,1
40840902S,男,男二舍2人房,B0616,2
40820133L,男,男二舍2人房,B0617,1
40821114L,男,男二舍2人房,B0617,2
40800117E,男,男二舍2人房,B0618,1
40900129E,男,男二舍2人房,B0618,2
41032055A,男,男二舍2人房,B0619,1
40790125M,男,男二舍2人房,B0619,2
40832024A,男,男二舍2人房,B0620,1
41032024A,男,男二舍2人房,B0620,2
40732080A,男,男二舍2人房,B0621,1
40832013A,男,男二舍2人房,B0621,2
41032080A,男,男二舍2人房,B0622,1
41032039A,男,男二舍2人房,B0622,2
41040110S,男,男二舍2人房,B0714,1
41040112S,男,男二舍2人房,B0714,2
40984226I,男,男二舍2人房,B0715,1
40984223I,男,男二舍2人房,B0715,2
41006141E,男,男二舍2人房,B0716,1
41041103S,男,男二舍2人房,B0716,2
41068001T,男,男二舍2人房,B0717,1
41068016T,男,男二舍2人房,B0717,2
40947024S,男,男二舍2人房,B0718,1
40947016S,男,男二舍2人房,B0718,2
40892011M,男,男二舍2人房,B0719,1
40892002M,男,男二舍2人房,B0719,2
40977002H,男,男二舍2人房,B0720,1
40973006H,男,男二舍2人房,B0720,2
40813007E,男,男二舍2人房,B0721,1
40800226E,男,男二舍2人房,B0721,2
41075018H,男,男二舍2人房,B0722,1
41075033H,男,男二舍2人房,B0722,2
41020106L,男,男二舍2人房,B0814,1
41020308L,男,男二舍2人房,B0814,2
40983038I,男,男二舍2人房,B0815,1
40983037I,男,男二舍2人房,B0815,2
40957005O,男,男二舍2人房,B0816,1
40822022L,男,男二舍2人房,B0816,2
41083031I,男,男二舍2人房,B0817,1
41083029I,男,男二舍2人房,B0817,2
40840115S,男,男二舍2人房,B0818,1
40840312S,男,男二舍2人房,B0818,2
41030901A,男,男二舍2人房,B0819,1
40930034A,男,男二舍2人房,B0819,2
40840308S,男,男二舍2人房,B0820,1
40840216S,男,男二舍2人房,B0820,2
40811012E,男,男二舍2人房,B0821,1
40840211S,男,男二舍2人房,B0821,2
40944903S,男,男二舍2人房,B0822,1
40942138S,男,男二舍2人房,B0822,2
41077022H,男,男二舍2人房,B0914,1
40930063A,男,男二舍2人房,B0914,2
40747018S,男,男二舍2人房,B0915,1
40947006S,男,男二舍2人房,B0915,2
40843207S,男,男二舍2人房,B0916,1
40841119S,男,男二舍2人房,B0916,2
40951032S,男,男二舍2人房,B0917,1
40851005S,男,男二舍2人房,B0917,2
40842218S,男,男二舍2人房,B0918,1
40842234S,男,男二舍2人房,B0918,2
40970003H,男,男二舍2人房,B0919,1
40970902H,男,男二舍2人房,B0919,2
40807235E,男,男二舍2人房,B0920,1
40807129E,男,男二舍2人房,B0920,2
40840118S,男,男二舍2人房,B0921,1
40840313S,男,男二舍2人房,B0921,2
41023239L,男,男二舍2人房,B0922,1
41000113E,男,男二舍2人房,B0922,2
40840105S,男,男二舍2人房,B1014,1
40840120S,男,男二舍2人房,B1014,2
41011015E,男,男二舍2人房,B1015,1
41011003E,男,男二舍2人房,B1015,2
40900210E,男,男二舍2人房,B1016,1
40901022E,男,男二舍2人房,B1016,2
41073103H,男,男二舍2人房,B1017,1
41005033E,男,男二舍2人房,B1017,2
41092012M,男,男二舍2人房,B1018,1
41076006H,男,男二舍2人房,B1018,2
40868026T,男,男二舍2人房,B1019,1
40868020T,男,男二舍2人房,B1019,2
40947004S,男,男二舍2人房,B1020,1
40947021S,男,男二舍2人房,B1020,2
40841112S,男,男二舍2人房,B1021,1
40841216S,男,男二舍2人房,B1021,2
41077021H,男,男二舍2人房,B1022,1
41077002H,男,男二舍2人房,B1022,2
41071231H,男,男二舍2人房,B1114,1
40941102S,男,男二舍2人房,B1114,2
41006128E,男,男二舍2人房,B1115,1
40960047T,男,男二舍2人房,B1115,2
40940903S,男,男二舍2人房,B1116,1
40942221S,男,男二舍2人房,B1116,2
40841120S,男,男二舍2人房,B1117,1
40868043T,男,男二舍2人房,B1117,2
41023244L,男,男二舍2人房,B1118,1
40890138M,男,男二舍2人房,B1118,2
40901005E,男,男二舍2人房,B1119,1
40968028T,男,男二舍2人房,B1119,2
40809037E,男,男二舍2人房,B1120,1
40809034E,男,男二舍2人房,B1120,2
41047007S,男,男二舍2人房,B1121,1
41047022S,男,男二舍2人房,B1121,2
40941218S,男,男二舍2人房,B1122,1
40941224S,男,男二舍2人房,B1122,2
41023144L,男,男二舍2人房,B1214,1
40821220L,男,男二舍2人房,B1215,1
41007210E,男,男二舍2人房,B1215,2
41076002H,男,男二舍2人房,B1217,1
41042218S,男,男二舍2人房,B1218,1
41071133H,男,男二舍2人房,B1218,2
40921115L,男,男二舍2人房,B1219,1
40922053L,男,男二舍2人房,B1219,2
40907141E,男,男二舍2人房,B1220,1
40920217L,男,男二舍2人房,B1220,2
41041127S,男,男二舍2人房,B1221,1
41041218S,男,男二舍2人房,B1221,2
40940325S,男,男二舍2人房,B1222,1
40820214L,男,男二舍2人房,B1222,2
40992022M,男,男二舍4人房,B0211,1
41044004S,男,男二舍4人房,B0211,2
41042144S,男,男二舍4人房,B0212,1
41042121S,男,男二舍4人房,B0212,2
40990229M,男,男二舍4人房,B0212,3
41090902M,男,男二舍4人房,B0212,4
40883020I,男,男二舍4人房,B0213,1
40983036I,男,男二舍4人房,B0213,2
41042204S,男,男二舍4人房,B0213,3
40942125S,男,男二舍4人房,B0213,4
40830026A,男,男二舍4人房,B0311,1
40830017A,男,男二舍4人房,B0311,2
40830027A,男,男二舍4人房,B0311,3
40851029S,男,男二舍4人房,B0311,4
40921103L,男,男二舍4人房,B0312,1
40823129L,男,男二舍4人房,B0312,2
41023142L,男,男二舍4人房,B0312,3
40830016A,男,男二舍4人房,B0312,4
40801014E,男,男二舍4人房,B0313,1
40805039E,男,男二舍4人房,B0313,2
40806128E,男,男二舍4人房,B0313,3
40821231L,男,男二舍4人房,B0313,4
40973050H,男,男二舍4人房,B0401,1
40873044H,男,男二舍4人房,B0401,2
40801032E,男,男二舍4人房,B0401,3
40801023E,男,男二舍4人房,B0401,4
40768033T,男,男二舍4人房,B0402,1
40968034T,男,男二舍4人房,B0402,2
40973019H,男,男二舍4人房,B0402,3
40773038H,男,男二舍4人房,B0402,4
40757007O,男,男二舍4人房,B0403,1
41043202S,男,男二舍4人房,B0403,2
41043120S,男,男二舍4人房,B0403,3
40857057O,男,男二舍4人房,B0403,4
40843220S,男,男二舍4人房,B0404,1
40983046I,男,男二舍4人房,B0404,2
40983049I,男,男二舍4人房,B0404,3
40857038O,男,男二舍4人房,B0404,4
40843228S,男,男二舍4人房,B0405,1
40942236S,男,男二舍4人房,B0405,2
40942136S,男,男二舍4人房,B0405,3
40843210S,男,男二舍4人房,B0405,4
40843215S,男,男二舍4人房,B0406,1
40907205E,男,男二舍4人房,B0406,2
40807140E,男,男二舍4人房,B0406,3
40743214S,男,男二舍4人房,B0406,4
40892008M,男,男二舍4人房,B0407,1
40877006H,男,男二舍4人房,B0407,2
40941121S,男,男二舍4人房,B0407,3
40743104S,男,男二舍4人房,B0407,4
40543137S,男,男二舍4人房,B0408,1
40702055E,男,男二舍4人房,B0408,2
40847026S,男,男二舍4人房,B0408,3
40802028E,男,男二舍4人房,B0408,4
41041102S,男,男二舍4人房,B0409,1
40807203E,男,男二舍4人房,B0409,2
40807236E,男,男二舍4人房,B0409,3
40941205S,男,男二舍4人房,B0409,4
41041120S,男,男二舍4人房,B0410,1
40820236L,男,男二舍4人房,B0410,2
40820234L,男,男二舍4人房,B0410,3
41041126S,男,男二舍4人房,B0410,4
41040309S,男,男二舍4人房,B0411,1
41040312S,男,男二舍4人房,B0411,2
40947052S,男,男二舍4人房,B0411,3
40947055S,男,男二舍4人房,B0411,4
41075003H,男,男二舍4人房,B0412,1
41075006H,男,男二舍4人房,B0412,2
41032005A,男,男二舍4人房,B0412,3
40832037A,男,男二舍4人房,B0412,4
40741233S,男,男二舍4人房,B0413,1
40706129E,男,男二舍4人房,B0413,2
40771122H,男,男二舍4人房,B0413,3
41041233S,男,男二舍4人房,B0413,4
41032035A,男,男二舍4人房,B0501,1
41030013A,男,男二舍4人房,B0501,2
41030057A,男,男二舍4人房,B0501,3
40932067A,男,男二舍4人房,B0501,4
41044006S,男,男二舍4人房,B0502,1
41044009S,男,男二舍4人房,B0502,2
41044008S,男,男二舍4人房,B0502,3
40932025A,男,男二舍4人房,B0502,4
41071229H,男,男二舍4人房,B0503,1
41071202H,男,男二舍4人房,B0503,2
41071104H,男,男二舍4人房,B0503,3
41032060A,男,男二舍4人房,B0503,4
41041118S,男,男二舍4人房,B0504,1
41041122S,男,男二舍4人房,B0504,2
41041123S,男,男二舍4人房,B0504,3
40732049A,男,男二舍4人房,B0504,4
40860111T,男,男二舍4人房,B0505,1
40860201T,男,男二舍4人房,B0505,2
40860206T,男,男二舍4人房,B0505,3
40832071A,男,男二舍4人房,B0505,4
40809038E,男,男二舍4人房,B0506,1
40709032E,男,男二舍4人房,B0506,2
40809033E,男,男二舍4人房,B0506,3
40723123L,男,男二舍4人房,B0506,4
40722061L,男,男二舍4人房,B0507,1
40830011A,男,男二舍4人房,B0507,2
40930014A,男,男二舍4人房,B0507,3
40830050A,男,男二舍4人房,B0507,4
40744020S,男,男二舍4人房,B0508,1
40883013I,男,男二舍4人房,B0508,2
40823215L,男,男二舍4人房,B0508,3
40923127L,男,男二舍4人房,B0508,4
40847005S,男,男二舍4人房,B0509,1
40823234L,男,男二舍4人房,B0509,2
40823213L,男,男二舍4人房,B0509,3
40823109L,男,男二舍4人房,B0509,4
40977001H,男,男二舍4人房,B0510,1
40977004H,男,男二舍4人房,B0510,2
40977010H,男,男二舍4人房,B0510,3
40847045S,男,男二舍4人房,B0510,4
40947072S,男,男二舍4人房,B0511,1
40943128S,男,男二舍4人房,B0511,2
40943204S,男,男二舍4人房,B0511,3
40943202S,男,男二舍4人房,B0511,4
40947041S,男,男二舍4人房,B0512,1
40821105L,男,男二舍4人房,B0512,2
40821132L,男,男二舍4人房,B0512,3
40840119S,男,男二舍4人房,B0512,4
40711017E,男,男二舍4人房,B0513,1
40870012H,男,男二舍4人房,B0513,2
40870005H,男,男二舍4人房,B0513,3
40870013H,男,男二舍4人房,B0513,4
40820231L,男,男二舍4人房,B0601,1
40820206L,男,男二舍4人房,B0601,2
40820223L,男,男二舍4人房,B0601,3
40707247E,男,男二舍4人房,B0601,4
40807106E,男,男二舍4人房,B0602,1
40921114L,男,男二舍4人房,B0602,2
40921117L,男,男二舍4人房,B0602,3
40921126L,男,男二舍4人房,B0602,4
40840212S,男,男二舍4人房,B0603,1
40840125S,男,男二舍4人房,B0603,2
40840213S,男,男二舍4人房,B0603,3
40807220E,男,男二舍4人房,B0603,4
40841218S,男,男二舍4人房,B0604,1
40941203S,男,男二舍4人房,B0604,2
40841217S,男,男二舍4人房,B0604,3
40907216E,男,男二舍4人房,B0604,4
40741232S,男,男二舍4人房,B0605,1
40741116S,男,男二舍4人房,B0605,2
40741228S,男,男二舍4人房,B0605,3
40702029E,男,男二舍4人房,B0605,4
40984242I,男,男二舍4人房,B0606,1
40984206I,男,男二舍4人房,B0606,2
40801020E,男,男二舍4人房,B0606,3
40684254I,男,男二舍4人房,B0606,4
40840303S,男,男二舍4人房,B0607,1
40840218S,男,男二舍4人房,B0607,2
40840205S,男,男二舍4人房,B0607,3
40671129H,男,男二舍4人房,B0607,4
40913022E,男,男二舍4人房,B0608,1
40847007S,男,男二舍4人房,B0608,2
40947022S,男,男二舍4人房,B0608,3
40971131H,男,男二舍4人房,B0608,4
40744021S,男,男二舍4人房,B0609,1
40844021S,男,男二舍4人房,B0609,2
40844025S,男,男二舍4人房,B0609,3
41071106H,男,男二舍4人房,B0609,4
40940220S,男,男二舍4人房,B0610,1
40942112S,男,男二舍4人房,B0610,2
40942119S,男,男二舍4人房,B0610,3
40942116S,男,男二舍4人房,B0610,4
40941222S,男,男二舍4人房,B0611,1
40941132S,男,男二舍4人房,B0611,2
40941124S,男,男二舍4人房,B0611,3
41040228S,男,男二舍4人房,B0611,4
40843111S,男,男二舍4人房,B0612,1
40843110S,男,男二舍4人房,B0612,2
40840124S,男,男二舍4人房,B0612,3
40843125S,男,男二舍4人房,B0612,4
40807218E,男,男二舍4人房,B0613,1
40807206E,男,男二舍4人房,B0613,2
40807135E,男,男二舍4人房,B0613,3
41040315S,男,男二舍4人房,B0613,4
40823240L,男,男二舍4人房,B0701,1
40823120L,男,男二舍4人房,B0701,2
40823118L,男,男二舍4人房,B0701,3
41040131S,男,男二舍4人房,B0701,4
40840128S,男,男二舍4人房,B0702,1
40840217S,男,男二舍4人房,B0702,2
40840309S,男,男二舍4人房,B0702,3
40740319S,男,男二舍4人房,B0702,4
40832014A,男,男二舍4人房,B0703,1
40932010A,男,男二舍4人房,B0703,2
41032006A,男,男二舍4人房,B0703,3
40640330S,男,男二舍4人房,B0703,4
41073120H,男,男二舍4人房,B0704,1
41073129H,男,男二舍4人房,B0704,2
40640314S,男,男二舍4人房,B0704,3
41073127H,男,男二舍4人房,B0704,4
40911002E,男,男二舍4人房,B0705,1
40911014E,男,男二舍4人房,B0705,2
40911003E,男,男二舍4人房,B0705,3
41040229S,男,男二舍4人房,B0705,4
41047030S,男,男二舍4人房,B0706,1
41047032S,男,男二舍4人房,B0706,2
41047051S,男,男二舍4人房,B0706,3
41040130S,男,男二舍4人房,B0706,4
40960012T,男,男二舍4人房,B0707,1
40960014T,男,男二舍4人房,B0707,2
40960024T,男,男二舍4人房,B0707,3
40960032T,男,男二舍4人房,B0707,4
41042142S,男,男二舍4人房,B0708,1
41042140S,男,男二舍4人房,B0708,2
41042105S,男,男二舍4人房,B0708,3
41042126S,男,男二舍4人房,B0708,4
40820117L,男,男二舍4人房,B0709,1
40857042O,男,男二舍4人房,B0709,2
40857019O,男,男二舍4人房,B0709,3
40722049L,男,男二舍4人房,B0709,4
40973004H,男,男二舍4人房,B0710,1
40973005H,男,男二舍4人房,B0710,2
40973008H,男,男二舍4人房,B0710,3
40973011H,男,男二舍4人房,B0710,4
40830025A,男,男二舍4人房,B0711,1
40830023A,男,男二舍4人房,B0711,2
40830014A,男,男二舍4人房,B0711,3
40830034A,男,男二舍4人房,B0711,4
40841115S,男,男二舍4人房,B0712,1
40841105S,男,男二舍4人房,B0712,2
40841206S,男,男二舍4人房,B0712,3
40841220S,男,男二舍4人房,B0712,4
40740325S,男,男二舍4人房,B0713,1
40740131S,男,男二舍4人房,B0713,2
40740314S,男,男二舍4人房,B0713,3
40740232S,男,男二舍4人房,B0713,4
40820221L,男,男二舍4人房,B0801,1
40800221E,男,男二舍4人房,B0801,2
40800223E,男,男二舍4人房,B0801,3
40820320L,男,男二舍4人房,B0801,4
41041214S,男,男二舍4人房,B0802,1
41041223S,男,男二舍4人房,B0802,2
41041216S,男,男二舍4人房,B0802,3
41041220S,男,男二舍4人房,B0802,4
41047026S,男,男二舍4人房,B0803,1
41047021S,男,男二舍4人房,B0803,2
41047025S,男,男二舍4人房,B0803,3
41047019S,男,男二舍4人房,B0803,4
40821216L,男,男二舍4人房,B0804,1
40821112L,男,男二舍4人房,B0804,2
40821116L,男,男二舍4人房,B0804,3
40821121L,男,男二舍4人房,B0804,4
40960037T,男,男二舍4人房,B0805,1
40960017T,男,男二舍4人房,B0805,2
40960029T,男,男二舍4人房,B0805,3
40960013T,男,男二舍4人房,B0805,4
41076027H,男,男二舍4人房,B0806,1
41044001S,男,男二舍4人房,B0806,2
41076009H,男,男二舍4人房,B0806,3
41076016H,男,男二舍4人房,B0806,4
41076021H,男,男二舍4人房,B0807,1
41041217S,男,男二舍4人房,B0807,2
41007137E,男,男二舍4人房,B0807,3
41007242E,男,男二舍4人房,B0807,4
41076017H,男,男二舍4人房,B0808,1
41070018H,男,男二舍4人房,B0808,2
41076007H,男,男二舍4人房,B0808,3
41076013H,男,男二舍4人房,B0808,4
41042238S,男,男二舍4人房,B0809,1
41042246S,男,男二舍4人房,B0809,2
41042138S,男,男二舍4人房,B0809,3
40942123S,男,男二舍4人房,B0809,4
40983050I,男,男二舍4人房,B0810,1
40923132L,男,男二舍4人房,B0810,2
41023242L,男,男二舍4人房,B0810,3
40923234L,男,男二舍4人房,B0810,4
41044039S,男,男二舍4人房,B0811,1
41043214S,男,男二舍4人房,B0811,2
41043113S,男,男二舍4人房,B0811,3
41044047S,男,男二舍4人房,B0811,4
41041212S,男,男二舍4人房,B0812,1
41041124S,男,男二舍4人房,B0812,2
41041229S,男,男二舍4人房,B0812,3
41041136S,男,男二舍4人房,B0812,4
41007215E,男,男二舍4人房,B0813,1
41007111E,男,男二舍4人房,B0813,2
41007110E,男,男二舍4人房,B0813,3
41007117E,男,男二舍4人房,B0813,4
41040129S,男,男二舍4人房,B0901,1
41040105S,男,男二舍4人房,B0901,2
41040116S,男,男二舍4人房,B0901,3
41040128S,男,男二舍4人房,B0901,4
40823136L,男,男二舍4人房,B0902,1
40823131L,男,男二舍4人房,B0902,2
40844014S,男,男二舍4人房,B0902,3
40800211E,男,男二舍4人房,B0902,4
40900126E,男,男二舍4人房,B0903,1
40900203E,男,男二舍4人房,B0903,2
40900208E,男,男二舍4人房,B0903,3
40900226E,男,男二舍4人房,B0903,4
40909038E,男,男二舍4人房,B0904,1
40909036E,男,男二舍4人房,B0904,2
40920102L,男,男二舍4人房,B0904,3
40920113L,男,男二舍4人房,B0904,4
40905009E,男,男二舍4人房,B0905,1
40983039I,男,男二舍4人房,B0905,2
40970015H,男,男二舍4人房,B0905,3
40940104S,男,男二舍4人房,B0905,4
40723221L,男,男二舍4人房,B0906,1
40823233L,男,男二舍4人房,B0906,2
40823104L,男,男二舍4人房,B0906,3
40823235L,男,男二舍4人房,B0906,4
41020307L,男,男二舍4人房,B0907,1
41040115S,男,男二舍4人房,B0907,2
41044025S,男,男二舍4人房,B0907,3
41072005H,男,男二舍4人房,B0907,4
41030037A,男,男二舍4人房,B0908,1
41030043A,男,男二舍4人房,B0908,2
41030035A,男,男二舍4人房,B0908,3
41030033A,男,男二舍4人房,B0908,4
41040231S,男,男二舍4人房,B0909,1
41040220S,男,男二舍4人房,B0909,2
41040217S,男,男二舍4人房,B0909,3
41040215S,男,男二舍4人房,B0909,4
40870031H,男,男二舍4人房,B0910,1
40870027H,男,男二舍4人房,B0910,2
40870020H,男,男二舍4人房,B0910,3
40870025H,男,男二舍4人房,B0910,4
40907240E,男,男二舍4人房,B0911,1
40941229S,男,男二舍4人房,B0911,2
40909004E,男,男二舍4人房,B0911,3
40909019E,男,男二舍4人房,B0911,4
40973046H,男,男二舍4人房,B0912,1
40940127S,男,男二舍4人房,B0912,2
40973045H,男,男二舍4人房,B0912,3
40957037O,男,男二舍4人房,B0912,4
40921215L,男,男二舍4人房,B0913,1
40921231L,男,男二舍4人房,B0913,2
40921119L,男,男二舍4人房,B0913,3
40921216L,男,男二舍4人房,B0913,4
40875043H,男,男二舍4人房,B1001,1
40875041H,男,男二舍4人房,B1001,2
40875005H,男,男二舍4人房,B1001,3
40875024H,男,男二舍4人房,B1001,4
40877014H,男,男二舍4人房,B1002,1
40875045H,男,男二舍4人房,B1002,2
40875025H,男,男二舍4人房,B1002,3
40875019H,男,男二舍4人房,B1002,4
40742205S,男,男二舍4人房,B1003,1
40742138S,男,男二舍4人房,B1003,2
40741114S,男,男二舍4人房,B1003,3
40742215S,男,男二舍4人房,B1003,4
40840214S,男,男二舍4人房,B1004,1
41040132S,男,男二舍4人房,B1004,2
40840220S,男,男二舍4人房,B1004,3
40840314S,男,男二舍4人房,B1004,4
41057042O,男,男二舍4人房,B1005,1
41021215L,男,男二舍4人房,B1005,2
41057021O,男,男二舍4人房,B1005,3
41057030O,男,男二舍4人房,B1005,4
41044012S,男,男二舍4人房,B1006,1
41044906S,男,男二舍4人房,B1006,2
41077009H,男,男二舍4人房,B1006,3
41042220S,男,男二舍4人房,B1006,4
41044032S,男,男二舍4人房,B1007,1
41044014S,男,男二舍4人房,B1007,2
41044010S,男,男二舍4人房,B1007,3
41047054S,男,男二舍4人房,B1007,4
41083006I,男,男二舍4人房,B1008,1
41083032I,男,男二舍4人房,B1008,2
41040218S,男,男二舍4人房,B1008,3
41083005I,男,男二舍4人房,B1008,4
41040103S,男,男二舍4人房,B1009,1
41040302S,男,男二舍4人房,B1009,2
41040303S,男,男二舍4人房,B1009,3
41040204S,男,男二舍4人房,B1009,4
40944051S,男,男二舍4人房,B1010,1
40871131H,男,男二舍4人房,B1010,2
40871125H,男,男二舍4人房,B1010,3
40747046S,男,男二舍4人房,B1010,4
41042114S,男,男二舍4人房,B1011,1
41042216S,男,男二舍4人房,B1011,2
41041134S,男,男二舍4人房,B1011,3
41043902S,男,男二舍4人房,B1011,4
40970001H,男,男二舍4人房,B1012,1
40970024H,男,男二舍4人房,B1012,2
40842115S,男,男二舍4人房,B1012,3
40801029E,男,男二舍4人房,B1012,4
40823214L,男,男二舍4人房,B1013,1
40823116L,男,男二舍4人房,B1013,2
40823216L,男,男二舍4人房,B1013,3
40823221L,男,男二舍4人房,B1013,4
40822014L,男,男二舍4人房,B1101,1
40822048L,男,男二舍4人房,B1101,2
40822045L,男,男二舍4人房,B1101,3
40822050L,男,男二舍4人房,B1101,4
40983040I,男,男二舍4人房,B1102,1
40983027I,男,男二舍4人房,B1102,2
40983025I,男,男二舍4人房,B1102,3
40940218S,男,男二舍4人房,B1102,4
40923118L,男,男二舍4人房,B1103,1
40923120L,男,男二舍4人房,B1103,2
40922049L,男,男二舍4人房,B1103,3
40870007H,男,男二舍4人房,B1103,4
40947025S,男,男二舍4人房,B1104,1
40947005S,男,男二舍4人房,B1104,2
40947040S,男,男二舍4人房,B1104,3
40940230S,男,男二舍4人房,B1104,4
40941230S,男,男二舍4人房,B1105,1
40941219S,男,男二舍4人房,B1105,2
40941221S,男,男二舍4人房,B1105,3
40941220S,男,男二舍4人房,B1105,4
41030019A,男,男二舍4人房,B1106,1
41030010A,男,男二舍4人房,B1106,2
40830054A,男,男二舍4人房,B1106,3
41030001A,男,男二舍4人房,B1106,4
40711012E,男,男二舍4人房,B1107,1
41023241L,男,男二舍4人房,B1107,2
41023231L,男,男二舍4人房,B1107,3
41023214L,男,男二舍4人房,B1107,4
40822049L,男,男二舍4人房,B1108,1
40822005L,男,男二舍4人房,B1108,2
40822001L,男,男二舍4人房,B1108,3
40822056L,男,男二舍4人房,B1108,4
40841205S,男,男二舍4人房,B1109,1
40841124S,男,男二舍4人房,B1109,2
40841222S,男,男二舍4人房,B1109,3
40841113S,男,男二舍4人房,B1109,4
40813017E,男,男二舍4人房,B1110,1
40807117E,男,男二舍4人房,B1110,2
40826010L,男,男二舍4人房,B1110,3
40870019H,男,男二舍4人房,B1110,4
40876003H,男,男二舍4人房,B1111,1
40876024H,男,男二舍4人房,B1111,2
40840304S,男,男二舍4人房,B1111,3
40876012H,男,男二舍4人房,B1111,4
40842118S,男,男二舍4人房,B1112,1
40842202S,男,男二舍4人房,B1112,2
40842132S,男,男二舍4人房,B1112,3
40842134S,男,男二舍4人房,B1112,4
40944007S,男,男二舍4人房,B1113,1
40944013S,男,男二舍4人房,B1113,2
40944009S,男,男二舍4人房,B1113,3
40944004S,男,男二舍4人房,B1113,4
40902048E,男,男二舍4人房,B1203,1
41022059L,男,男二舍4人房,B1203,2
41041213S,男,男二舍4人房,B1204,1
41041215S,男,男二舍4人房,B1204,2
41041132S,男,男二舍4人房,B1204,3
41041234S,男,男二舍4人房,B1204,4
40944016S,男,男二舍4人房,B1205,1
40944015S,男,男二舍4人房,B1205,2
40944021S,男,男二舍4人房,B1205,3
41044910S,男,男二舍4人房,B1205,4
40873013H,男,男二舍4人房,B1206,1
41073118H,男,男二舍4人房,B1206,2
41073141H,男,男二舍4人房,B1206,3
41073136H,男,男二舍4人房,B1206,4
40932035A,男,男二舍4人房,B1207,1
40932050A,男,男二舍4人房,B1207,2
41032074A,男,男二舍4人房,B1207,3
40932057A,男,男二舍4人房,B1207,4
40871208H,男,男二舍4人房,B1208,1
40871216H,男,男二舍4人房,B1208,2
40871204H,男,男二舍4人房,B1208,3
40871217H,男,男二舍4人房,B1208,4
40841202S,男,男二舍4人房,B1209,1
40741218S,男,男二舍4人房,B1209,2
40741205S,男,男二舍4人房,B1209,3
40841221S,男,男二舍4人房,B1209,4
40805036E,男,男二舍4人房,B1210,1
40941217S,男,男二舍4人房,B1210,2
40901015E,男,男二舍4人房,B1210,3
40901018E,男,男二舍4人房,B1210,4
40941119S,男,男二舍4人房,B1211,1
40942219S,男,男二舍4人房,B1211,2
40971130H,男,男二舍4人房,B1211,3
40911016E,男,男二舍4人房,B1211,4
40842120S,男,男二舍4人房,B1212,1
40842117S,男,男二舍4人房,B1212,2
40842220S,男,男二舍4人房,B1212,3
40842217S,男,男二舍4人房,B1212,4
40747005S,男,男二舍4人房,B1213,1
40722042L,男,男二舍4人房,B1213,2
40884212I,男,男二舍4人房,B1213,3
40877016H,男,男二舍4人房,B1213,4
40941228S,男,性別友善宿舍(學七舍2樓),F70211,1
40905901E,男,性別友善宿舍(學七舍2樓),F70212,1
40932901A,男,性別友善宿舍(學七舍2樓),F70212,2
40940202S,男,性別友善宿舍(學七舍2樓),F70212,3
40940318S,男,性別友善宿舍(學七舍2樓),F70212,4
40876017H,男,性別友善宿舍(學七舍2樓),F70217,1
40884106I,男,性別友善宿舍(學七舍2樓),F70217,2
40940327S,男,性別友善宿舍(學七舍2樓),F70217,3
40940313S,男,性別友善宿舍(學七舍2樓),F70217,4
40942115S,男,性別友善宿舍(學七舍2樓),F70222,1
40942117S,男,性別友善宿舍(學七舍2樓),F70222,2
40942137S,男,性別友善宿舍(學七舍2樓),F70222,3
40942135S,男,性別友善宿舍(學七舍2樓),F70222,4
40842236S,男,誠樓,3401,1
40842102S,男,誠樓,3401,2
41040313S,男,誠樓,3401,3
40801019E,男,誠樓,3401,4
40800213E,男,誠樓,3402,1
40920302L,男,誠樓,3402,2
41072018H,男,誠樓,3402,3
40923124L,男,誠樓,3402,4
41070009H,男,誠樓,3403,1
40940229S,男,誠樓,3403,2
40870001H,男,誠樓,3403,3
40842224S,男,誠樓,3403,4
40943103S,男,誠樓,3418,1
40941110S,男,誠樓,3418,2
40847034S,男,誠樓,3418,3
41042214S,男,誠樓,3418,4
40975006H,男,誠樓,3419,1
40940208S,男,誠樓,3419,2
40807222E,男,誠樓,3419,3
40842221S,男,誠樓,3419,4
41000213E,男,誠樓男3人房,3405,1
41040314S,男,誠樓男3人房,3405,2
41001040E,男,誠樓男3人房,3405,3
41044027S,男,誠樓男3人房,3406,1
40932026A,男,學七舍,70416,1
40932033A,男,學七舍,70416,2
40932027A,男,學七舍,70416,3
40847048S,男,學七舍,70416,4
40840215S,男,學七舍,70426,1
40840316S,男,學七舍,70426,2
40740212S,男,學七舍,70426,3
40940129S,男,學七舍,70426,4
40840126S,男,學七舍,70428,1
40840310S,男,學七舍,70428,2
40840315S,男,學七舍,70428,3
40942203S,男,學七舍,70429,1
40942140S,男,學七舍,70429,2
40942205S,男,學七舍,70429,3
40942222S,男,學七舍,70429,4
41020118L,男,學七舍,70504,1
41020132L,男,學七舍,70504,2
41020317L,男,學七舍,70504,3
41042141S,男,學七舍,70511,1
41042240S,男,學七舍,70511,2
41042143S,男,學七舍,70511,3
41042244S,男,學七舍,70511,4
41042225S,男,學七舍,70513,1
41042122S,男,學七舍,70513,2
41042206S,男,學七舍,70513,3
41042102S,男,學七舍,70513,4
40940128S,男,學七舍,70515,1
40942218S,男,學七舍,70515,2
40940203S,男,學七舍,70515,3
41047038S,男,學七舍,70515,4
41043215S,男,學七舍,70516,1
41043220S,男,學七舍,70516,2
41043210S,男,學七舍,70516,3
41043212S,男,學七舍,70516,4
41032015A,男,學七舍,70530,1
41032014A,男,學七舍,70530,2
41084902I,男,學七舍,70530,3
40832078A,男,學七舍,70530,4
40832069A,男,學七舍,70601,1
40832053A,男,學七舍,70601,2
41032042A,男,學七舍,70601,3
41032902A,男,學七舍,70601,4
41000217E,男,學七舍,70605,1
41023232L,男,學七舍,70605,2
41060027T,男,學七舍,70605,3
41071124H,男,學七舍,70605,4
41047055S,男,學七舍,70606,1
41047056S,男,學七舍,70606,2
41047024S,男,學七舍,70606,3
41047901S,男,學七舍,70606,4
41073102H,男,學七舍,70607,1
40973052H,男,學七舍,70607,2
40973049H,男,學七舍,70607,3
40973033H,男,學七舍,70607,4
40884123I,男,學七舍,70608,1
40921118L,男,學七舍,70608,2
41043114S,男,學七舍,70608,3
40943214S,男,學七舍,70608,4
40842239S,男,學七舍,70609,1
40844043S,男,學七舍,70609,2
40844041S,男,學七舍,70609,3
40875046H,男,學七舍,70609,4
41040133S,男,學七舍,70610,1
40941223S,男,學七舍,70610,2
40842205S,男,學七舍,70610,3
41042217S,男,學七舍,70610,4
41040307S,男,學七舍,70611,1
41040320S,男,學七舍,70611,2
40840231S,男,學七舍,70611,3
40841116S,男,學七舍,70611,4
41040216S,男,學七舍,70612,1
40940227S,男,學七舍,70612,2
40905036E,男,學七舍,70612,3
40905044E,男,學七舍,70612,4
40840307S,男,學七舍,70613,1
41040316S,男,學七舍,70613,2
40940330S,男,學七舍,70613,3
40940219S,男,學七舍,70613,4
41032016A,男,學七舍,70614,1
40832080A,男,學七舍,70614,2
41040214S,男,學七舍,70614,3
41040310S,男,學七舍,70614,4
40832036A,男,學七舍,70615,1
40832059A,男,學七舍,70615,2
41032068A,男,學七舍,70615,3
40732048A,男,學七舍,70615,4
41032037A,男,學七舍,70616,1
41032058A,男,學七舍,70616,2
40832005A,男,學七舍,70616,3
40932018A,男,學七舍,70616,4
40944040S,男,學七舍,70617,1
40944028S,男,學七舍,70617,2
40944011S,男,學七舍,70617,3
41032053A,男,學七舍,70617,4
40843211S,男,學七舍,70618,1
40843212S,男,學七舍,70618,2
40843226S,男,學七舍,70618,3
41032045A,男,學七舍,70618,4
41042215S,男,學七舍,70619,1
41032057A,男,學七舍,70619,2
41042115S,男,學七舍,70619,3
41042107S,男,學七舍,70619,4
41051029S,男,學七舍,70620,1
41051036S,男,學七舍,70620,2
41051017S,男,學七舍,70620,3
41032049A,男,學七舍,70620,4
41032031A,男,學七舍,70621,1
41077007H,男,學七舍,70621,2
41077008H,男,學七舍,70621,3
41013029E,男,學七舍,70621,4
41041232S,男,學七舍,70622,1
41032001A,男,學七舍,70622,2
41041211S,男,學七舍,70622,3
41041101S,男,學七舍,70622,4
40843103S,男,學七舍,70623,1
40843113S,男,學七舍,70623,2
40843213S,男,學七舍,70623,3
40707148E,男,學七舍,70623,4
40832066A,男,學七舍,70624,1
40832060A,男,學七舍,70624,2
40832049A,男,學七舍,70624,3
40832034A,男,學七舍,70624,4
40920219L,男,學七舍,70625,1
40920220L,男,學七舍,70625,2
40920316L,男,學七舍,70625,3
40920223L,男,學七舍,70625,4
41032056A,男,學七舍,70626,1
41032011A,男,學七舍,70626,2
41032041A,男,學七舍,70626,3
41032029A,男,學七舍,70626,4
41047023S,男,學七舍,70627,1
41047027S,男,學七舍,70627,2
41084260I,男,學七舍,70627,3
41084262I,男,學七舍,70627,4
41032077A,男,學七舍,70628,1
40932043A,男,學七舍,70628,2
40932037A,男,學七舍,70628,3
41032067A,男,學七舍,70628,4
40940114S,男,學七舍,70629,1
40940117S,男,學七舍,70629,2
40940111S,男,學七舍,70629,3
40940110S,男,學七舍,70629,4
41040205S,男,學七舍,70630,1
41040114S,男,學七舍,70630,2
41040317S,男,學七舍,70630,3
41040113S,男,學七舍,70630,4
41040304S,男,學七舍,70714,1
41040311S,男,學七舍,70714,2
40740313S,男,學七舍,70714,3
40640213S,男,學七舍,70714,4
